Seed Keyword,Suggested Keyword,Search Intent,Wildcard / Query Pattern,Pattern Type,Search Depth,Parent Suggestion,Country (GL),Language (HL),Rank Position,Timestamp
"Heart symbols","=o= heart symbol","General","o Heart symbols","Alphabet Prefix (o)","Level 1","","IN","EN",1,"2026-09-16T09:53:37.245Z"
"Heart symbols","1000 heart symbols","General","Heart symbols 1","Number Suffix (1)","Level 1","","IN","EN",4,"2026-09-16T09:53:55.980Z"
"Heart symbols","1000 heart symbols copy and paste","General","Heart symbols 1","Number Suffix (1)","Level 1","","IN","EN",3,"2026-09-16T09:53:55.980Z"
"Heart symbols","2 hand heart symbol","General","Heart symbols 2","Number Suffix (2)","Level 1","","IN","EN",13,"2026-09-16T09:53:58.200Z"
"Heart symbols","2 heart symbol","General","2 Heart symbols","Number Prefix (2)","Level 1","","IN","EN",1,"2026-09-16T09:53:59.233Z"
"Heart symbols","2 heart symbol copy and paste","General","2 Heart symbols","Number Prefix (2)","Level 1","","IN","EN",7,"2026-09-16T09:53:59.233Z"
"Heart symbols","2 heart symbol meaning","Informational","Heart symbols 2","Number Suffix (2)","Level 1","","IN","EN",8,"2026-09-16T09:53:58.200Z"
"Heart symbols","2 heart symbol omron","General","2 Heart symbols","Number Prefix (2)","Level 1","","IN","EN",4,"2026-09-16T09:53:59.233Z"
"Heart symbols","2 heart symbol png","General","Heart symbols 2","Number Suffix (2)","Level 1","","IN","EN",14,"2026-09-16T09:53:58.200Z"
"Heart symbols","2 heart symbol text","General","Heart symbols 2","Number Suffix (2)","Level 1","","IN","EN",9,"2026-09-16T09:53:58.200Z"
"Heart symbols","3 heart symbol","General","3 Heart symbols","Number Prefix (3)","Level 1","","IN","EN",1,"2026-09-16T09:54:01.420Z"
"Heart symbols","3 heart symbol copy and paste","General","3 Heart symbols","Number Prefix (3)","Level 1","","IN","EN",2,"2026-09-16T09:54:01.420Z"
"Heart symbols","3 heart symbol emoji","General","3 Heart symbols","Number Prefix (3)","Level 1","","IN","EN",7,"2026-09-16T09:54:01.420Z"
"Heart symbols","3 heart symbol meaning","Informational","3 Heart symbols","Number Prefix (3)","Level 1","","IN","EN",3,"2026-09-16T09:54:01.420Z"
"Heart symbols","3 heart symbol omron","General","3 Heart symbols","Number Prefix (3)","Level 1","","IN","EN",6,"2026-09-16T09:54:01.420Z"
"Heart symbols","3 heart symbol on blood pressure monitor","General","3 Heart symbols","Number Prefix (3)","Level 1","","IN","EN",4,"2026-09-16T09:54:01.420Z"
"Heart symbols","3 heart symbols","General","w Heart symbols","Alphabet Prefix (w)","Level 1","","IN","EN",6,"2026-09-16T09:53:48.693Z"
"Heart symbols","4 heart symbol","General","4 Heart symbols","Number Prefix (4)","Level 1","","IN","EN",2,"2026-09-16T09:54:03.786Z"
"Heart symbols","4 heart symbol meaning","Informational","4 Heart symbols","Number Prefix (4)","Level 1","","IN","EN",1,"2026-09-16T09:54:03.786Z"
"Heart symbols","5 heart symbol","General","Heart symbols 5","Number Suffix (5)","Level 1","","IN","EN",2,"2026-09-16T09:54:04.807Z"
"Heart symbols","6 heart symbol","General","Heart symbols 6","Number Suffix (6)","Level 1","","IN","EN",1,"2026-09-16T09:54:07.675Z"
"Heart symbols","8 bit heart symbol","General","Heart symbols 8","Number Suffix (8)","Level 1","","IN","EN",2,"2026-09-16T09:54:13.455Z"
"Heart symbols","9 11 heart symbol flag","General","Heart symbols 1","Number Suffix (1)","Level 1","","IN","EN",6,"2026-09-16T09:53:55.980Z"
"Heart symbols","9 hearts meaning","Informational","9 Heart symbols","Number Prefix (9)","Level 1","","IN","EN",3,"2026-09-16T09:54:17.390Z"
"Heart symbols","a heart in keyboard symbols","General","a Heart symbols","Alphabet Prefix (a)","Level 1","","IN","EN",7,"2026-09-16T09:53:19.393Z"
"Heart symbols","a heart symbol","General","Heart symbols q","Alphabet Suffix (q)","Level 1","","IN","EN",8,"2026-09-16T09:53:06.200Z"
"Heart symbols","a heart symbol brand","General","a Heart symbols","Alphabet Prefix (a)","Level 1","","IN","EN",1,"2026-09-16T09:53:19.393Z"
"Heart symbols","a heart symbol copy paste","General","a Heart symbols","Alphabet Prefix (a)","Level 1","","IN","EN",4,"2026-09-16T09:53:19.393Z"
"Heart symbols","a heart symbol meaning","Informational","a Heart symbols","Alphabet Prefix (a)","Level 1","","IN","EN",2,"2026-09-16T09:53:19.393Z"
"Heart symbols","a heart symbol text","General","a Heart symbols","Alphabet Prefix (a)","Level 1","","IN","EN",3,"2026-09-16T09:53:19.393Z"
"Heart symbols","alt 3 heart symbol","General","3 Heart symbols","Number Prefix (3)","Level 1","","IN","EN",11,"2026-09-16T09:54:01.420Z"
"Heart symbols","altair 5x heart symbol","General","Heart symbols 5","Number Suffix (5)","Level 1","","IN","EN",1,"2026-09-16T09:54:04.807Z"
"Heart symbols","audi q6 heart symbol","General","Heart symbols q","Alphabet Suffix (q)","Level 1","","IN","EN",11,"2026-09-16T09:53:06.206Z"
"Heart symbols","audi q7 heart symbol","General","Heart symbols q","Alphabet Suffix (q)","Level 1","","IN","EN",9,"2026-09-16T09:53:06.206Z"
"Heart symbols","audi q8 heart symbol","General","Heart symbols q","Alphabet Suffix (q)","Level 1","","IN","EN",10,"2026-09-16T09:53:06.206Z"
"Heart symbols","b heart symbol","General","b Heart symbols","Alphabet Prefix (b)","Level 1","","IN","EN",2,"2026-09-16T09:53:20.599Z"
"Heart symbols","b heart symbol copy and paste","General","b Heart symbols","Alphabet Prefix (b)","Level 1","","IN","EN",1,"2026-09-16T09:53:20.599Z"
"Heart symbols","best friend heart symbol","Commercial","best Heart symbols","Modifier Prefix (best)","Level 1","","IN","EN",5,"2026-09-16T09:54:43.917Z"
"Heart symbols","best friend heart symbol colour","Commercial","Heart symbols best","Modifier Suffix (best)","Level 1","","IN","EN",3,"2026-09-16T09:54:42.841Z"
"Heart symbols","best heart characters bbs","Commercial","best Heart symbols","Modifier Prefix (best)","Level 1","","IN","EN",4,"2026-09-16T09:54:43.917Z"
"Heart symbols","best heart characters bleach brave souls","Commercial","best Heart symbols","Modifier Prefix (best)","Level 1","","IN","EN",3,"2026-09-16T09:54:43.917Z"
"Heart symbols","best heart symbol","Commercial","best Heart symbols","Modifier Prefix (best)","Level 1","","IN","EN",1,"2026-09-16T09:54:43.917Z"
"Heart symbols","best heart symbols","Commercial","top Heart symbols","Modifier Prefix (top)","Level 1","","IN","EN",1,"2026-09-16T09:54:46.181Z"
"Heart symbols","broken heart symbol to copy and paste","General","Heart symbols to","Modifier Suffix (to)","Level 1","","IN","EN",15,"2026-09-16T09:54:39.395Z"
"Heart symbols","bts heart symbol love yourself","General","Heart symbols y","Alphabet Suffix (y)","Level 1","","IN","EN",9,"2026-09-16T09:53:16.956Z"
"Heart symbols","c heart symbol","General","c Heart symbols","Alphabet Prefix (c)","Level 1","","IN","EN",1,"2026-09-16T09:53:21.868Z"
"Heart symbols","cities skylines 2 heart symbol","General","2 Heart symbols","Number Prefix (2)","Level 1","","IN","EN",12,"2026-09-16T09:53:59.233Z"
"Heart symbols","color of heart symbols","General","o Heart symbols","Alphabet Prefix (o)","Level 1","","IN","EN",10,"2026-09-16T09:53:37.245Z"
"Heart symbols","cool symbol top heart","Commercial","Heart symbols top","Modifier Suffix (top)","Level 1","","IN","EN",6,"2026-09-16T09:54:45.074Z"
"Heart symbols","cute heart symbols to copy and paste","General","Heart symbols to","Modifier Suffix (to)","Level 1","","IN","EN",12,"2026-09-16T09:54:39.395Z"
"Heart symbols","d heart symbol","General","d Heart symbols","Alphabet Prefix (d)","Level 1","","IN","EN",1,"2026-09-16T09:53:23.019Z"
"Heart symbols","destiny 2 pale heart symbols","General","2 Heart symbols","Number Prefix (2)","Level 1","","IN","EN",10,"2026-09-16T09:53:59.233Z"
"Heart symbols","different heart symbol meaning","Informational","Heart symbols vs","Modifier Suffix (vs)","Level 1","","IN","EN",11,"2026-09-16T09:54:38.308Z"
"Heart symbols","different heart symbols","General","a Heart symbols","Alphabet Prefix (a)","Level 1","","IN","EN",8,"2026-09-16T09:53:19.393Z"
"Heart symbols","e heart symbol","General","e Heart symbols","Alphabet Prefix (e)","Level 1","","IN","EN",1,"2026-09-16T09:53:24.105Z"
"Heart symbols","f heart symbol","General","f Heart symbols","Alphabet Prefix (f)","Level 1","","IN","EN",1,"2026-09-16T09:53:26.284Z"
"Heart symbols","follow your heart symbol","General","Heart symbols y","Alphabet Suffix (y)","Level 1","","IN","EN",15,"2026-09-16T09:53:16.956Z"
"Heart symbols","font with heart symbols","General","w Heart symbols","Alphabet Prefix (w)","Level 1","","IN","EN",7,"2026-09-16T09:53:48.693Z"
"Heart symbols","fonts and heart symbols","General","a Heart symbols","Alphabet Prefix (a)","Level 1","","IN","EN",6,"2026-09-16T09:53:19.393Z"
"Heart symbols","free fire heart symbols","General","free Heart symbols","Modifier Prefix (free)","Level 1","","IN","EN",3,"2026-09-16T09:54:51.077Z"
"Heart symbols","free fire nickname heart symbol","General","Heart symbols free","Modifier Suffix (free)","Level 1","","IN","EN",14,"2026-09-16T09:54:49.939Z"
"Heart symbols","free heart symbol font","General","free Heart symbols","Modifier Prefix (free)","Level 1","","IN","EN",2,"2026-09-16T09:54:51.077Z"
"Heart symbols","free heart symbols copy and paste","General","Heart symbols free","Modifier Suffix (free)","Level 1","","IN","EN",13,"2026-09-16T09:54:49.939Z"
"Heart symbols","g heart symbol","General","g Heart symbols","Alphabet Prefix (g)","Level 1","","IN","EN",1,"2026-09-16T09:53:27.656Z"
"Heart symbols","g pay heart symbol meaning","Informational","g Heart symbols","Alphabet Prefix (g)","Level 1","","IN","EN",3,"2026-09-16T09:53:27.656Z"
"Heart symbols","gen x heart symbol","General","Heart symbols x","Alphabet Suffix (x)","Level 1","","IN","EN",3,"2026-09-16T09:53:15.449Z"
"Heart symbols","gen z heart symbol","General","z Heart symbols","Alphabet Prefix (z)","Level 1","","IN","EN",2,"2026-09-16T09:53:53.034Z"
"Heart symbols","gen z heart symbol with hands","General","Heart symbols z","Alphabet Suffix (z)","Level 1","","IN","EN",6,"2026-09-16T09:53:18.082Z"
"Heart symbols","good heart symbols","General","best Heart symbols","Modifier Prefix (best)","Level 1","","IN","EN",2,"2026-09-16T09:54:43.917Z"
"Heart symbols","h heart symbol","General","h Heart symbols","Alphabet Prefix (h)","Level 1","","IN","EN",1,"2026-09-16T09:53:28.922Z"
"Heart symbols","hades 2 heart symbol","General","Heart symbols 2","Number Suffix (2)","Level 1","","IN","EN",12,"2026-09-16T09:53:58.200Z"
"Heart symbols","hades 2 heart symbols","General","2 Heart symbols","Number Prefix (2)","Level 1","","IN","EN",9,"2026-09-16T09:53:59.233Z"
"Heart symbols","heart and symbols","General","n Heart symbols","Alphabet Prefix (n)","Level 1","","IN","EN",2,"2026-09-16T09:53:36.148Z"
"Heart symbols","heart best symbol","Commercial","Heart symbols best","Modifier Suffix (best)","Level 1","","IN","EN",1,"2026-09-16T09:54:42.841Z"
"Heart symbols","heart broken symbol for free fire","General","Heart symbols free","Modifier Suffix (free)","Level 1","","IN","EN",15,"2026-09-16T09:54:49.939Z"
"Heart symbols","heart copy n paste symbol","General","n Heart symbols","Alphabet Prefix (n)","Level 1","","IN","EN",3,"2026-09-16T09:53:36.148Z"
"Heart symbols","heart diagram symbols","General","Heart symbols d","Alphabet Suffix (d)","Level 1","","IN","EN",12,"2026-09-16T09:52:43.536Z"
"Heart symbols","heart division symbol cross question mark","General","Heart symbols q","Alphabet Suffix (q)","Level 1","","IN","EN",5,"2026-09-16T09:53:06.200Z"
"Heart symbols","heart hand symbol japan","General","Heart symbols j","Alphabet Suffix (j)","Level 1","","IN","EN",9,"2026-09-16T09:52:52.509Z"
"Heart symbols","heart k kosher symbol","General","k Heart symbols","Alphabet Prefix (k)","Level 1","","IN","EN",5,"2026-09-16T09:53:32.832Z"
"Heart symbols","heart ke symbol","General","k Heart symbols","Alphabet Prefix (k)","Level 1","","IN","EN",4,"2026-09-16T09:53:32.832Z"
"Heart symbols","heart of symbols","General","o Heart symbols","Alphabet Prefix (o)","Level 1","","IN","EN",2,"2026-09-16T09:53:37.245Z"
"Heart symbols","heart signs to copy and paste","General","Heart symbols to","Modifier Suffix (to)","Level 1","","IN","EN",6,"2026-09-16T09:54:39.395Z"
"Heart symbols","heart song zibu symbol","General","Heart symbols z","Alphabet Suffix (z)","Level 1","","IN","EN",8,"2026-09-16T09:53:18.082Z"
"Heart symbols","heart symbol 1","General","Heart symbols 1","Number Suffix (1)","Level 1","","IN","EN",1,"2026-09-16T09:53:55.980Z"
"Heart symbols","heart symbol 2","General","Heart symbols 2","Number Suffix (2)","Level 1","","IN","EN",1,"2026-09-16T09:53:58.200Z"
"Heart symbols","heart symbol 2 fingers","General","Heart symbols 2","Number Suffix (2)","Level 1","","IN","EN",2,"2026-09-16T09:53:58.200Z"
"Heart symbols","heart symbol 2026","General","Heart symbols 2","Number Suffix (2)","Level 1","","IN","EN",4,"2026-09-16T09:53:58.200Z"
"Heart symbols","heart symbol 2d","General","Heart symbols 2","Number Suffix (2)","Level 1","","IN","EN",3,"2026-09-16T09:53:58.200Z"
"Heart symbols","heart symbol 3","General","* Heart symbols","Wildcard Prefix (*)","Level 1","","IN","EN",2,"2026-09-16T09:52:30.289Z"
"Heart symbols","heart symbol 3 aesthetic","General","Heart symbols 3","Number Suffix (3)","Level 1","","IN","EN",4,"2026-09-16T09:54:00.337Z"
"Heart symbols","heart symbol 3 copy and paste","General","* Heart symbols","Wildcard Prefix (*)","Level 1","","IN","EN",3,"2026-09-16T09:52:30.289Z"
"Heart symbols","heart symbol 3 copy and paste aesthetic","General","Heart symbols 3","Number Suffix (3)","Level 1","","IN","EN",10,"2026-09-16T09:54:00.337Z"
"Heart symbols","heart symbol 3 copy and paste black","General","Heart symbols 3","Number Suffix (3)","Level 1","","IN","EN",15,"2026-09-16T09:54:00.337Z"
"Heart symbols","heart symbol 3 copy and paste instagram","General","Heart symbols 3","Number Suffix (3)","Level 1","","IN","EN",7,"2026-09-16T09:54:00.337Z"
"Heart symbols","heart symbol 3 copy and paste iphone","General","Heart symbols 3","Number Suffix (3)","Level 1","","IN","EN",13,"2026-09-16T09:54:00.337Z"
"Heart symbols","heart symbol 3 emoji","General","Heart symbols 3","Number Suffix (3)","Level 1","","IN","EN",8,"2026-09-16T09:54:00.337Z"
"Heart symbols","heart symbol 3 emoji meaning","Informational","Heart symbols 3","Number Suffix (3)","Level 1","","IN","EN",12,"2026-09-16T09:54:00.337Z"
"Heart symbols","heart symbol 3 meaning","Informational","Heart symbols 3","Number Suffix (3)","Level 1","","IN","EN",5,"2026-09-16T09:54:00.337Z"
"Heart symbols","heart symbol 3 text","General","Heart symbols 3","Number Suffix (3)","Level 1","","IN","EN",11,"2026-09-16T09:54:00.337Z"
"Heart symbols","heart symbol 3d","General","Heart symbols 3","Number Suffix (3)","Level 1","","IN","EN",3,"2026-09-16T09:54:00.337Z"
"Heart symbols","heart symbol 3d images","General","Heart symbols 3","Number Suffix (3)","Level 1","","IN","EN",9,"2026-09-16T09:54:00.337Z"
"Heart symbols","heart symbol 3d model","General","Heart symbols 3","Number Suffix (3)","Level 1","","IN","EN",6,"2026-09-16T09:54:00.337Z"
"Heart symbols","heart symbol 3d model free","General","Heart symbols 3","Number Suffix (3)","Level 1","","IN","EN",14,"2026-09-16T09:54:00.337Z"
"Heart symbols","heart symbol 4","General","Heart symbols 4","Number Suffix (4)","Level 1","","IN","EN",1,"2026-09-16T09:54:02.627Z"
"Heart symbols","heart symbol 4k","General","Heart symbols 4","Number Suffix (4)","Level 1","","IN","EN",2,"2026-09-16T09:54:02.627Z"
"Heart symbols","heart symbol a","General","Heart symbols a","Alphabet Suffix (a)","Level 1","","IN","EN",15,"2026-09-16T09:52:39.455Z"
"Heart symbols","heart symbol aesthetic text","General","Heart symbols a","Alphabet Suffix (a)","Level 1","","IN","EN",9,"2026-09-16T09:52:39.455Z"
"Heart symbols","heart symbol alt","General","Heart symbols a","Alphabet Suffix (a)","Level 1","","IN","EN",11,"2026-09-16T09:52:39.455Z"
"Heart symbols","heart symbol alt code","General","Heart symbols a","Alphabet Suffix (a)","Level 1","","IN","EN",8,"2026-09-16T09:52:39.455Z"
"Heart symbols","heart symbol ariana grande","General","Heart symbols a","Alphabet Suffix (a)","Level 1","","IN","EN",10,"2026-09-16T09:52:39.455Z"
"Heart symbols","heart symbol ark","General","Heart symbols a","Alphabet Suffix (a)","Level 1","","IN","EN",14,"2026-09-16T09:52:39.455Z"
"Heart symbols","heart symbol art","General","Heart symbols a","Alphabet Suffix (a)","Level 1","","IN","EN",12,"2026-09-16T09:52:39.455Z"
"Heart symbols","heart symbol as text","General","Heart symbols a","Alphabet Suffix (a)","Level 1","","IN","EN",13,"2026-09-16T09:52:39.455Z"
"Heart symbols","heart symbol at top of android phone","Commercial","Heart symbols top","Modifier Suffix (top)","Level 1","","IN","EN",3,"2026-09-16T09:54:45.074Z"
"Heart symbols","heart symbol at top of iphone","Commercial","Heart symbols top","Modifier Suffix (top)","Level 1","","IN","EN",4,"2026-09-16T09:54:45.074Z"
"Heart symbols","heart symbol background images","General","Heart symbols b","Alphabet Suffix (b)","Level 1","","IN","EN",7,"2026-09-16T09:52:40.679Z"
"Heart symbols","heart symbol balloon decoration","General","Heart symbols b","Alphabet Suffix (b)","Level 1","","IN","EN",14,"2026-09-16T09:52:40.679Z"
"Heart symbols","heart symbol battery windows 11","General","Heart symbols b","Alphabet Suffix (b)","Level 1","","IN","EN",13,"2026-09-16T09:52:40.679Z"
"Heart symbols","heart symbol biscuits","General","Heart symbols b","Alphabet Suffix (b)","Level 1","","IN","EN",12,"2026-09-16T09:52:40.679Z"
"Heart symbols","heart symbol black","General","* Heart symbols","Wildcard Prefix (*)","Level 1","","IN","EN",4,"2026-09-16T09:52:30.289Z"
"Heart symbols","heart symbol black background","General","Heart symbols b","Alphabet Suffix (b)","Level 1","","IN","EN",10,"2026-09-16T09:52:40.679Z"
"Heart symbols","heart symbol blue","General","Heart symbols b","Alphabet Suffix (b)","Level 1","","IN","EN",15,"2026-09-16T09:52:40.679Z"
"Heart symbols","heart symbol bold","General","Heart symbols b","Alphabet Suffix (b)","Level 1","","IN","EN",11,"2026-09-16T09:52:40.679Z"
"Heart symbols","heart symbol brand","General","Heart symbols b","Alphabet Suffix (b)","Level 1","","IN","EN",9,"2026-09-16T09:52:40.679Z"
"Heart symbols","heart symbol broken","General","Heart symbols *","Wildcard Suffix (*)","Level 1","","IN","EN",15,"2026-09-16T09:52:31.536Z"
"Heart symbols","heart symbol by hand","General","Heart symbols b","Alphabet Suffix (b)","Level 1","","IN","EN",8,"2026-09-16T09:52:40.679Z"
"Heart symbols","heart symbol c programming","General","c Heart symbols","Alphabet Prefix (c)","Level 1","","IN","EN",3,"2026-09-16T09:53:21.868Z"
"Heart symbols","heart symbol c&p","General","c Heart symbols","Alphabet Prefix (c)","Level 1","","IN","EN",2,"2026-09-16T09:53:21.868Z"
"Heart symbols","heart symbol cities skylines 2","General","Heart symbols 2","Number Suffix (2)","Level 1","","IN","EN",10,"2026-09-16T09:53:58.200Z"
"Heart symbols","heart symbol code","General","Heart symbols 1","Number Suffix (1)","Level 1","","IN","EN",9,"2026-09-16T09:53:55.980Z"
"Heart symbols","heart symbol code in c","General","c Heart symbols","Alphabet Prefix (c)","Level 1","","IN","EN",4,"2026-09-16T09:53:21.868Z"
"Heart symbols","heart symbol copy","General","Heart symbols v","Alphabet Suffix (v)","Level 1","","IN","EN",5,"2026-09-16T09:53:12.344Z"
"Heart symbols","heart symbol copy paste","General","Heart symbols v","Alphabet Suffix (v)","Level 1","","IN","EN",7,"2026-09-16T09:53:12.344Z"
"Heart symbols","heart symbol copy.m paste","General","m Heart symbols","Alphabet Prefix (m)","Level 1","","IN","EN",4,"2026-09-16T09:53:35.074Z"
"Heart symbols","heart symbol dairy milk","General","Heart symbols d","Alphabet Suffix (d)","Level 1","","IN","EN",10,"2026-09-16T09:52:43.536Z"
"Heart symbols","heart symbol dairy milk chocolate","General","Heart symbols d","Alphabet Suffix (d)","Level 1","","IN","EN",9,"2026-09-16T09:52:43.536Z"
"Heart symbols","heart symbol decoration","General","Heart symbols d","Alphabet Suffix (d)","Level 1","","IN","EN",11,"2026-09-16T09:52:43.536Z"
"Heart symbols","heart symbol design","General","Heart symbols d","Alphabet Suffix (d)","Level 1","","IN","EN",5,"2026-09-16T09:52:43.536Z"
"Heart symbols","heart symbol destiny 2","General","Heart symbols 2","Number Suffix (2)","Level 1","","IN","EN",6,"2026-09-16T09:53:58.200Z"
"Heart symbols","heart symbol drawing easy","General","Heart symbols d","Alphabet Suffix (d)","Level 1","","IN","EN",13,"2026-09-16T09:52:43.536Z"
"Heart symbols","heart symbol drawing images","General","Heart symbols d","Alphabet Suffix (d)","Level 1","","IN","EN",14,"2026-09-16T09:52:43.536Z"
"Heart symbols","heart symbol dress","General","Heart symbols d","Alphabet Suffix (d)","Level 1","","IN","EN",15,"2026-09-16T09:52:43.536Z"
"Heart symbols","heart symbol earrings","General","Heart symbols e","Alphabet Suffix (e)","Level 1","","IN","EN",7,"2026-09-16T09:52:45.400Z"
"Heart symbols","heart symbol earrings gold","General","Heart symbols e","Alphabet Suffix (e)","Level 1","","IN","EN",13,"2026-09-16T09:52:45.400Z"
"Heart symbols","heart symbol email","General","Heart symbols e","Alphabet Suffix (e)","Level 1","","IN","EN",14,"2026-09-16T09:52:45.400Z"
"Heart symbols","heart symbol embroidery","General","Heart symbols e","Alphabet Suffix (e)","Level 1","","IN","EN",15,"2026-09-16T09:52:45.400Z"
"Heart symbols","heart symbol emoji copy","General","Heart symbols e","Alphabet Suffix (e)","Level 1","","IN","EN",11,"2026-09-16T09:52:45.400Z"
"Heart symbols","heart symbol emoji meaning in whatsapp","Informational","Heart symbols e","Alphabet Suffix (e)","Level 1","","IN","EN",9,"2026-09-16T09:52:45.400Z"
"Heart symbols","heart symbol emoji text","General","Heart symbols e","Alphabet Suffix (e)","Level 1","","IN","EN",8,"2026-09-16T09:52:45.400Z"
"Heart symbols","heart symbol emoji with hands","General","Heart symbols e","Alphabet Suffix (e)","Level 1","","IN","EN",12,"2026-09-16T09:52:45.400Z"
"Heart symbols","heart symbol emoticon","General","* Heart symbols","Wildcard Prefix (*)","Level 1","","IN","EN",8,"2026-09-16T09:52:30.289Z"
"Heart symbols","heart symbol empty","General","* Heart symbols","Wildcard Prefix (*)","Level 1","","IN","EN",11,"2026-09-16T09:52:30.289Z"
"Heart symbols","heart symbol explanation","General","Heart symbols e","Alphabet Suffix (e)","Level 1","","IN","EN",10,"2026-09-16T09:52:45.400Z"
"Heart symbols","heart symbol font free","General","Heart symbols free","Modifier Suffix (free)","Level 1","","IN","EN",11,"2026-09-16T09:54:49.939Z"
"Heart symbols","heart symbol font free download","General","Heart symbols free","Modifier Suffix (free)","Level 1","","IN","EN",7,"2026-09-16T09:54:49.939Z"
"Heart symbols","heart symbol for best friend","Commercial","Heart symbols best","Modifier Suffix (best)","Level 1","","IN","EN",2,"2026-09-16T09:54:42.841Z"
"Heart symbols","heart symbol for free fire","General","Heart symbols for","Modifier Suffix (for)","Level 1","","IN","EN",13,"2026-09-16T09:54:34.047Z"
"Heart symbols","heart symbol for free fire bio","General","Heart symbols free","Modifier Suffix (free)","Level 1","","IN","EN",9,"2026-09-16T09:54:49.939Z"
"Heart symbols","heart symbol for html","General","Heart symbols for","Modifier Suffix (for)","Level 1","","IN","EN",14,"2026-09-16T09:54:34.047Z"
"Heart symbols","heart symbol for swiggy","General","Heart symbols for","Modifier Suffix (for)","Level 1","","IN","EN",15,"2026-09-16T09:54:34.047Z"
"Heart symbols","heart symbol free","General","Heart symbols free","Modifier Suffix (free)","Level 1","","IN","EN",2,"2026-09-16T09:54:49.939Z"
"Heart symbols","heart symbol free download","General","Heart symbols free","Modifier Suffix (free)","Level 1","","IN","EN",3,"2026-09-16T09:54:49.939Z"
"Heart symbols","heart symbol free fire","General","Heart symbols free","Modifier Suffix (free)","Level 1","","IN","EN",1,"2026-09-16T09:54:49.939Z"
"Heart symbols","heart symbol free fire name","General","Heart symbols free","Modifier Suffix (free)","Level 1","","IN","EN",4,"2026-09-16T09:54:49.939Z"
"Heart symbols","heart symbol freepik","General","Heart symbols free","Modifier Suffix (free)","Level 1","","IN","EN",5,"2026-09-16T09:54:49.939Z"
"Heart symbols","heart symbol gen z","General","Heart symbols g","Alphabet Suffix (g)","Level 1","","IN","EN",4,"2026-09-16T09:52:48.186Z"
"Heart symbols","heart symbol gif","General","Heart symbols g","Alphabet Suffix (g)","Level 1","","IN","EN",3,"2026-09-16T09:52:48.186Z"
"Heart symbols","heart symbol gift","General","Heart symbols g","Alphabet Suffix (g)","Level 1","","IN","EN",5,"2026-09-16T09:52:48.186Z"
"Heart symbols","heart symbol gold chain","General","Heart symbols g","Alphabet Suffix (g)","Level 1","","IN","EN",6,"2026-09-16T09:52:48.186Z"
"Heart symbols","heart symbol gold locket","General","Heart symbols g","Alphabet Suffix (g)","Level 1","","IN","EN",10,"2026-09-16T09:52:48.186Z"
"Heart symbols","heart symbol gold pendant","General","Heart symbols g","Alphabet Suffix (g)","Level 1","","IN","EN",12,"2026-09-16T09:52:48.186Z"
"Heart symbols","heart symbol gold ring","General","Heart symbols g","Alphabet Suffix (g)","Level 1","","IN","EN",8,"2026-09-16T09:52:48.186Z"
"Heart symbols","heart symbol good morning","General","Heart symbols g","Alphabet Suffix (g)","Level 1","","IN","EN",14,"2026-09-16T09:52:48.186Z"
"Heart symbols","heart symbol good morning images","General","Heart symbols g","Alphabet Suffix (g)","Level 1","","IN","EN",9,"2026-09-16T09:52:48.186Z"
"Heart symbols","heart symbol google search","General","Heart symbols g","Alphabet Suffix (g)","Level 1","","IN","EN",13,"2026-09-16T09:52:48.186Z"
"Heart symbols","heart symbol gpay","General","Heart symbols g","Alphabet Suffix (g)","Level 1","","IN","EN",7,"2026-09-16T09:52:48.186Z"
"Heart symbols","heart symbol green","General","Heart symbols g","Alphabet Suffix (g)","Level 1","","IN","EN",11,"2026-09-16T09:52:48.186Z"
"Heart symbols","heart symbol green screen","General","Heart symbols g","Alphabet Suffix (g)","Level 1","","IN","EN",15,"2026-09-16T09:52:48.186Z"
"Heart symbols","heart symbol half","General","Heart symbols h","Alphabet Suffix (h)","Level 1","","IN","EN",13,"2026-09-16T09:52:49.557Z"
"Heart symbols","heart symbol hand","General","Heart symbols h","Alphabet Suffix (h)","Level 1","","IN","EN",2,"2026-09-16T09:52:49.557Z"
"Heart symbols","heart symbol hand emoji","General","Heart symbols h","Alphabet Suffix (h)","Level 1","","IN","EN",3,"2026-09-16T09:52:49.557Z"
"Heart symbols","heart symbol hand gesture","General","Heart symbols h","Alphabet Suffix (h)","Level 1","","IN","EN",14,"2026-09-16T09:52:49.557Z"
"Heart symbols","heart symbol hd","General","Heart symbols h","Alphabet Suffix (h)","Level 1","","IN","EN",6,"2026-09-16T09:52:49.557Z"
"Heart symbols","heart symbol hd images","General","Heart symbols h","Alphabet Suffix (h)","Level 1","","IN","EN",9,"2026-09-16T09:52:49.557Z"
"Heart symbols","heart symbol heart","General","Heart symbols h","Alphabet Suffix (h)","Level 1","","IN","EN",8,"2026-09-16T09:52:49.557Z"
"Heart symbols","heart symbol highlight cover","General","Heart symbols h","Alphabet Suffix (h)","Level 1","","IN","EN",10,"2026-09-16T09:52:49.557Z"
"Heart symbols","heart symbol hinge","General","Heart symbols h","Alphabet Suffix (h)","Level 1","","IN","EN",12,"2026-09-16T09:52:49.557Z"
"Heart symbols","heart symbol history","General","Heart symbols h","Alphabet Suffix (h)","Level 1","","IN","EN",4,"2026-09-16T09:52:49.557Z"
"Heart symbols","heart symbol hollow","General","Heart symbols h","Alphabet Suffix (h)","Level 1","","IN","EN",15,"2026-09-16T09:52:49.557Z"
"Heart symbols","heart symbol homestuck","General","Heart symbols h","Alphabet Suffix (h)","Level 1","","IN","EN",11,"2026-09-16T09:52:49.557Z"
"Heart symbols","heart symbol html","General","Heart symbols h","Alphabet Suffix (h)","Level 1","","IN","EN",1,"2026-09-16T09:52:49.557Z"
"Heart symbols","heart symbol html code","General","Heart symbols h","Alphabet Suffix (h)","Level 1","","IN","EN",5,"2026-09-16T09:52:49.557Z"
"Heart symbols","heart symbol human","General","Heart symbols h","Alphabet Suffix (h)","Level 1","","IN","EN",7,"2026-09-16T09:52:49.557Z"
"Heart symbols","heart symbol i can copy","General","can Heart symbols","Question Starter (can)","Level 1","","IN","EN",2,"2026-09-16T09:54:30.275Z"
"Heart symbols","heart symbol icon","General","Heart symbols i","Alphabet Suffix (i)","Level 1","","IN","EN",10,"2026-09-16T09:52:51.154Z"
"Heart symbols","heart symbol images dp","General","Heart symbols i","Alphabet Suffix (i)","Level 1","","IN","EN",11,"2026-09-16T09:52:51.154Z"
"Heart symbols","heart symbol in excel","General","Heart symbols i","Alphabet Suffix (i)","Level 1","","IN","EN",13,"2026-09-16T09:52:51.154Z"
"Heart symbols","heart symbol in font","General","Heart symbols in","Modifier Suffix (in)","Level 1","","IN","EN",15,"2026-09-16T09:54:40.535Z"
"Heart symbols","heart symbol in g pay","General","g Heart symbols","Alphabet Prefix (g)","Level 1","","IN","EN",4,"2026-09-16T09:53:27.656Z"
"Heart symbols","heart symbol in google pay","General","Heart symbols in","Modifier Suffix (in)","Level 1","","IN","EN",12,"2026-09-16T09:54:40.535Z"
"Heart symbols","heart symbol in gpay","General","Heart symbols i","Alphabet Suffix (i)","Level 1","","IN","EN",8,"2026-09-16T09:52:51.154Z"
"Heart symbols","heart symbol in hand","General","Heart symbols i","Alphabet Suffix (i)","Level 1","","IN","EN",12,"2026-09-16T09:52:51.154Z"
"Heart symbols","heart symbol in html","General","Heart symbols i","Alphabet Suffix (i)","Level 1","","IN","EN",6,"2026-09-16T09:52:51.154Z"
"Heart symbols","heart symbol in japanese","General","Heart symbols in","Modifier Suffix (in)","Level 1","","IN","EN",13,"2026-09-16T09:54:40.535Z"
"Heart symbols","heart symbol in java","General","Heart symbols j","Alphabet Suffix (j)","Level 1","","IN","EN",8,"2026-09-16T09:52:52.509Z"
"Heart symbols","heart symbol in javascript","General","Heart symbols j","Alphabet Suffix (j)","Level 1","","IN","EN",10,"2026-09-16T09:52:52.509Z"
"Heart symbols","heart symbol in korea","General","Heart symbols k","Alphabet Suffix (k)","Level 1","","IN","EN",10,"2026-09-16T09:52:53.867Z"
"Heart symbols","heart symbol in korean","General","Heart symbols in","Modifier Suffix (in)","Level 1","","IN","EN",14,"2026-09-16T09:54:40.535Z"
"Heart symbols","heart symbol in outlook","General","Heart symbols in","Modifier Suffix (in)","Level 1","","IN","EN",11,"2026-09-16T09:54:40.535Z"
"Heart symbols","heart symbol in vs code","Commercial","Heart symbols vs","Modifier Suffix (vs)","Level 1","","IN","EN",5,"2026-09-16T09:54:38.308Z"
"Heart symbols","heart symbol in word","General","Heart symbols i","Alphabet Suffix (i)","Level 1","","IN","EN",7,"2026-09-16T09:52:51.154Z"
"Heart symbols","heart symbol in word wingdings","General","Heart symbols i","Alphabet Suffix (i)","Level 1","","IN","EN",15,"2026-09-16T09:52:51.154Z"
"Heart symbols","heart symbol instagram","General","* Heart symbols","Wildcard Prefix (*)","Level 1","","IN","EN",5,"2026-09-16T09:52:30.289Z"
"Heart symbols","heart symbol instagram story","General","Heart symbols i","Alphabet Suffix (i)","Level 1","","IN","EN",14,"2026-09-16T09:52:51.154Z"
"Heart symbols","heart symbol iphone","General","Heart symbols i","Alphabet Suffix (i)","Level 1","","IN","EN",9,"2026-09-16T09:52:51.154Z"
"Heart symbols","heart symbol j","General","Heart symbols j","Alphabet Suffix (j)","Level 1","","IN","EN",7,"2026-09-16T09:52:52.509Z"
"Heart symbols","heart symbol japanese","General","Heart symbols j","Alphabet Suffix (j)","Level 1","","IN","EN",2,"2026-09-16T09:52:52.509Z"
"Heart symbols","heart symbol japanese keyboard","General","Heart symbols j","Alphabet Suffix (j)","Level 1","","IN","EN",3,"2026-09-16T09:52:52.509Z"
"Heart symbols","heart symbol jesus","General","Heart symbols j","Alphabet Suffix (j)","Level 1","","IN","EN",5,"2026-09-16T09:52:52.509Z"
"Heart symbols","heart symbol jewelry","General","Heart symbols j","Alphabet Suffix (j)","Level 1","","IN","EN",4,"2026-09-16T09:52:52.509Z"
"Heart symbols","heart symbol jpg","General","Heart symbols j","Alphabet Suffix (j)","Level 1","","IN","EN",1,"2026-09-16T09:52:52.509Z"
"Heart symbols","heart symbol ka matlab","General","Heart symbols k","Alphabet Suffix (k)","Level 1","","IN","EN",11,"2026-09-16T09:52:53.867Z"
"Heart symbols","heart symbol kannada meaning","Informational","Heart symbols k","Alphabet Suffix (k)","Level 1","","IN","EN",12,"2026-09-16T09:52:53.867Z"
"Heart symbols","heart symbol kcd2","General","Heart symbols k","Alphabet Suffix (k)","Level 1","","IN","EN",9,"2026-09-16T09:52:53.867Z"
"Heart symbols","heart symbol key","General","Heart symbols k","Alphabet Suffix (k)","Level 1","","IN","EN",7,"2026-09-16T09:52:53.867Z"
"Heart symbols","heart symbol keyboard code","General","Heart symbols k","Alphabet Suffix (k)","Level 1","","IN","EN",6,"2026-09-16T09:52:53.867Z"
"Heart symbols","heart symbol keyboard copy and paste","General","Heart symbols k","Alphabet Suffix (k)","Level 1","","IN","EN",14,"2026-09-16T09:52:53.867Z"
"Heart symbols","heart symbol keyboard shortcut","General","Heart symbols k","Alphabet Suffix (k)","Level 1","","IN","EN",4,"2026-09-16T09:52:53.867Z"
"Heart symbols","heart symbol keychain","General","Heart symbols k","Alphabet Suffix (k)","Level 1","","IN","EN",8,"2026-09-16T09:52:53.867Z"
"Heart symbols","heart symbol keypad","General","Heart symbols k","Alphabet Suffix (k)","Level 1","","IN","EN",15,"2026-09-16T09:52:53.867Z"
"Heart symbols","heart symbol korean","General","* Heart symbols","Wildcard Prefix (*)","Level 1","","IN","EN",9,"2026-09-16T09:52:30.289Z"
"Heart symbols","heart symbol kpop","General","Heart symbols k","Alphabet Suffix (k)","Level 1","","IN","EN",13,"2026-09-16T09:52:53.867Z"
"Heart symbols","heart symbol laptop keyboard","General","Heart symbols l","Alphabet Suffix (l)","Level 1","","IN","EN",10,"2026-09-16T09:52:55.778Z"
"Heart symbols","heart symbol large","General","Heart symbols l","Alphabet Suffix (l)","Level 1","","IN","EN",12,"2026-09-16T09:52:55.778Z"
"Heart symbols","heart symbol latex","General","Heart symbols l","Alphabet Suffix (l)","Level 1","","IN","EN",8,"2026-09-16T09:52:55.778Z"
"Heart symbols","heart symbol letter","General","Heart symbols l","Alphabet Suffix (l)","Level 1","","IN","EN",6,"2026-09-16T09:52:55.778Z"
"Heart symbols","heart symbol license plate","Transactional","Heart symbols l","Alphabet Suffix (l)","Level 1","","IN","EN",11,"2026-09-16T09:52:55.778Z"
"Heart symbols","heart symbol like","General","Heart symbols l","Alphabet Suffix (l)","Level 1","","IN","EN",15,"2026-09-16T09:52:55.778Z"
"Heart symbols","heart symbol line","General","Heart symbols l","Alphabet Suffix (l)","Level 1","","IN","EN",4,"2026-09-16T09:52:55.778Z"
"Heart symbols","heart symbol line art","General","Heart symbols l","Alphabet Suffix (l)","Level 1","","IN","EN",7,"2026-09-16T09:52:55.778Z"
"Heart symbols","heart symbol little","General","* Heart symbols","Wildcard Prefix (*)","Level 1","","IN","EN",13,"2026-09-16T09:52:30.289Z"
"Heart symbols","heart symbol locket","General","Heart symbols l","Alphabet Suffix (l)","Level 1","","IN","EN",5,"2026-09-16T09:52:55.778Z"
"Heart symbols","heart symbol locket gold","General","Heart symbols l","Alphabet Suffix (l)","Level 1","","IN","EN",3,"2026-09-16T09:52:55.778Z"
"Heart symbols","heart symbol logo","General","Heart symbols l","Alphabet Suffix (l)","Level 1","","IN","EN",1,"2026-09-16T09:52:55.778Z"
"Heart symbols","heart symbol logo text","General","Heart symbols l","Alphabet Suffix (l)","Level 1","","IN","EN",13,"2026-09-16T09:52:55.778Z"
"Heart symbols","heart symbol love","General","* Heart symbols","Wildcard Prefix (*)","Level 1","","IN","EN",10,"2026-09-16T09:52:30.289Z"
"Heart symbols","heart symbol love png","General","Heart symbols l","Alphabet Suffix (l)","Level 1","","IN","EN",14,"2026-09-16T09:52:55.778Z"
"Heart symbols","heart symbol meaning","Informational","Heart symbols vs","Modifier Suffix (vs)","Level 1","","IN","EN",2,"2026-09-16T09:54:38.308Z"
"Heart symbols","heart symbol meaning in english","Informational","Heart symbols m","Alphabet Suffix (m)","Level 1","","IN","EN",4,"2026-09-16T09:52:57.914Z"
"Heart symbols","heart symbol meaning in hindi","Informational","Heart symbols m","Alphabet Suffix (m)","Level 1","","IN","EN",2,"2026-09-16T09:52:57.914Z"
"Heart symbols","heart symbol meaning in life","Informational","Heart symbols m","Alphabet Suffix (m)","Level 1","","IN","EN",15,"2026-09-16T09:52:57.914Z"
"Heart symbols","heart symbol meaning in marathi","Informational","Heart symbols m","Alphabet Suffix (m)","Level 1","","IN","EN",12,"2026-09-16T09:52:57.914Z"
"Heart symbols","heart symbol meaning in tamil","Informational","Heart symbols m","Alphabet Suffix (m)","Level 1","","IN","EN",7,"2026-09-16T09:52:57.914Z"
"Heart symbols","heart symbol meaning in text","Informational","Heart symbols m","Alphabet Suffix (m)","Level 1","","IN","EN",6,"2026-09-16T09:52:57.914Z"
"Heart symbols","heart symbol meaning malayalam","Informational","Heart symbols m","Alphabet Suffix (m)","Level 1","","IN","EN",13,"2026-09-16T09:52:57.914Z"
"Heart symbols","heart symbol meanings in whatsapp","General","Heart symbols m","Alphabet Suffix (m)","Level 1","","IN","EN",5,"2026-09-16T09:52:57.914Z"
"Heart symbols","heart symbol medical","General","Heart symbols m","Alphabet Suffix (m)","Level 1","","IN","EN",11,"2026-09-16T09:52:57.914Z"
"Heart symbols","heart symbol mehndi","General","Heart symbols m","Alphabet Suffix (m)","Level 1","","IN","EN",8,"2026-09-16T09:52:57.914Z"
"Heart symbols","heart symbol mehndi design","General","Heart symbols m","Alphabet Suffix (m)","Level 1","","IN","EN",3,"2026-09-16T09:52:57.914Z"
"Heart symbols","heart symbol minecraft","General","Heart symbols m","Alphabet Suffix (m)","Level 1","","IN","EN",10,"2026-09-16T09:52:57.914Z"
"Heart symbols","heart symbol mobile","General","Heart symbols m","Alphabet Suffix (m)","Level 1","","IN","EN",14,"2026-09-16T09:52:57.914Z"
"Heart symbols","heart symbol n","General","Heart symbols n","Alphabet Suffix (n)","Level 1","","IN","EN",14,"2026-09-16T09:52:59.460Z"
"Heart symbols","heart symbol name style","General","Heart symbols n","Alphabet Suffix (n)","Level 1","","IN","EN",3,"2026-09-16T09:52:59.460Z"
"Heart symbols","heart symbol names","General","Heart symbols n","Alphabet Suffix (n)","Level 1","","IN","EN",1,"2026-09-16T09:52:59.460Z"
"Heart symbols","heart symbol near time iphone","General","Heart symbols n","Alphabet Suffix (n)","Level 1","","IN","EN",5,"2026-09-16T09:52:59.460Z"
"Heart symbols","heart symbol new","General","Heart symbols n","Alphabet Suffix (n)","Level 1","","IN","EN",10,"2026-09-16T09:52:59.460Z"
"Heart symbols","heart symbol next to instagram story","General","Heart symbols n","Alphabet Suffix (n)","Level 1","","IN","EN",11,"2026-09-16T09:52:59.460Z"
"Heart symbols","heart symbol next to name hinge","General","Heart symbols n","Alphabet Suffix (n)","Level 1","","IN","EN",9,"2026-09-16T09:52:59.460Z"
"Heart symbols","heart symbol next to time on iphone","General","Heart symbols n","Alphabet Suffix (n)","Level 1","","IN","EN",12,"2026-09-16T09:52:59.460Z"
"Heart symbols","heart symbol nickfinder","General","Heart symbols n","Alphabet Suffix (n)","Level 1","","IN","EN",4,"2026-09-16T09:52:59.460Z"
"Heart symbols","heart symbol nickname","General","Heart symbols n","Alphabet Suffix (n)","Level 1","","IN","EN",2,"2026-09-16T09:52:59.460Z"
"Heart symbols","heart symbol nintendo switch","General","Heart symbols n","Alphabet Suffix (n)","Level 1","","IN","EN",13,"2026-09-16T09:52:59.460Z"
"Heart symbols","heart symbol no background","General","Heart symbols n","Alphabet Suffix (n)","Level 1","","IN","EN",8,"2026-09-16T09:52:59.460Z"
"Heart symbols","heart symbol normal","General","Heart symbols n","Alphabet Suffix (n)","Level 1","","IN","EN",15,"2026-09-16T09:52:59.460Z"
"Heart symbols","heart symbol not emoji","General","Heart symbols n","Alphabet Suffix (n)","Level 1","","IN","EN",6,"2026-09-16T09:52:59.460Z"
"Heart symbols","heart symbol number","General","Heart symbols n","Alphabet Suffix (n)","Level 1","","IN","EN",7,"2026-09-16T09:52:59.460Z"
"Heart symbols","heart symbol on battery icon windows 11","General","Heart symbols o","Alphabet Suffix (o)","Level 1","","IN","EN",14,"2026-09-16T09:53:02.943Z"
"Heart symbols","heart symbol on blood pressure monitor","General","Heart symbols o","Alphabet Suffix (o)","Level 1","","IN","EN",9,"2026-09-16T09:53:02.943Z"
"Heart symbols","heart symbol on driver's license","Transactional","Heart symbols o","Alphabet Suffix (o)","Level 1","","IN","EN",10,"2026-09-16T09:53:02.943Z"
"Heart symbols","heart symbol on instagram story","General","Heart symbols o","Alphabet Suffix (o)","Level 1","","IN","EN",8,"2026-09-16T09:53:02.943Z"
"Heart symbols","heart symbol on mac","General","Heart symbols o","Alphabet Suffix (o)","Level 1","","IN","EN",13,"2026-09-16T09:53:02.943Z"
"Heart symbols","heart symbol on qwerty keyboard","General","Heart symbols q","Alphabet Suffix (q)","Level 1","","IN","EN",3,"2026-09-16T09:53:06.200Z"
"Heart symbols","heart symbol on word","General","Heart symbols o","Alphabet Suffix (o)","Level 1","","IN","EN",11,"2026-09-16T09:53:02.943Z"
"Heart symbols","heart symbol origin","General","Heart symbols o","Alphabet Suffix (o)","Level 1","","IN","EN",7,"2026-09-16T09:53:02.943Z"
"Heart symbols","heart symbol origin buttocks","General","Heart symbols *","Wildcard Suffix (*)","Level 1","","IN","EN",4,"2026-09-16T09:52:31.536Z"
"Heart symbols","heart symbol outline images","General","Heart symbols o","Alphabet Suffix (o)","Level 1","","IN","EN",12,"2026-09-16T09:53:02.943Z"
"Heart symbols","heart symbol outlook","General","Heart symbols o","Alphabet Suffix (o)","Level 1","","IN","EN",15,"2026-09-16T09:53:02.943Z"
"Heart symbols","heart symbol pc","General","Heart symbols p","Alphabet Suffix (p)","Level 1","","IN","EN",7,"2026-09-16T09:53:04.930Z"
"Heart symbols","heart symbol photo frames","General","Heart symbols p","Alphabet Suffix (p)","Level 1","","IN","EN",11,"2026-09-16T09:53:04.930Z"
"Heart symbols","heart symbol photos love","General","Heart symbols p","Alphabet Suffix (p)","Level 1","","IN","EN",10,"2026-09-16T09:53:04.930Z"
"Heart symbols","heart symbol photoshop","General","Heart symbols p","Alphabet Suffix (p)","Level 1","","IN","EN",12,"2026-09-16T09:53:04.930Z"
"Heart symbols","heart symbol pillow","General","Heart symbols p","Alphabet Suffix (p)","Level 1","","IN","EN",8,"2026-09-16T09:53:04.930Z"
"Heart symbols","heart symbol pillow images","General","Heart symbols p","Alphabet Suffix (p)","Level 1","","IN","EN",6,"2026-09-16T09:53:04.930Z"
"Heart symbols","heart symbol pinterest","General","Heart symbols p","Alphabet Suffix (p)","Level 1","","IN","EN",13,"2026-09-16T09:53:04.930Z"
"Heart symbols","heart symbol png free","General","Heart symbols free","Modifier Suffix (free)","Level 1","","IN","EN",10,"2026-09-16T09:54:49.939Z"
"Heart symbols","heart symbol png free download","General","Heart symbols free","Modifier Suffix (free)","Level 1","","IN","EN",6,"2026-09-16T09:54:49.939Z"
"Heart symbols","heart symbol png hd","General","Heart symbols p","Alphabet Suffix (p)","Level 1","","IN","EN",9,"2026-09-16T09:53:04.930Z"
"Heart symbols","heart symbol png images","General","Heart symbols p","Alphabet Suffix (p)","Level 1","","IN","EN",15,"2026-09-16T09:53:04.930Z"
"Heart symbols","heart symbol pubg","General","Heart symbols p","Alphabet Suffix (p)","Level 1","","IN","EN",14,"2026-09-16T09:53:04.930Z"
"Heart symbols","heart symbol qr code","General","Heart symbols q","Alphabet Suffix (q)","Level 1","","IN","EN",2,"2026-09-16T09:53:06.200Z"
"Heart symbols","heart symbol quotes","General","Heart symbols q","Alphabet Suffix (q)","Level 1","","IN","EN",1,"2026-09-16T09:53:06.200Z"
"Heart symbols","heart symbol rainbow","General","Heart symbols r","Alphabet Suffix (r)","Level 1","","IN","EN",13,"2026-09-16T09:53:07.670Z"
"Heart symbols","heart symbol real","General","Heart symbols r","Alphabet Suffix (r)","Level 1","","IN","EN",3,"2026-09-16T09:53:07.670Z"
"Heart symbols","heart symbol real meaning","Informational","Heart symbols r","Alphabet Suffix (r)","Level 1","","IN","EN",10,"2026-09-16T09:53:07.670Z"
"Heart symbols","heart symbol realistic","General","Heart symbols r","Alphabet Suffix (r)","Level 1","","IN","EN",8,"2026-09-16T09:53:07.670Z"
"Heart symbols","heart symbol red","General","Heart symbols r","Alphabet Suffix (r)","Level 1","","IN","EN",1,"2026-09-16T09:53:07.670Z"
"Heart symbols","heart symbol red colour","General","Heart symbols r","Alphabet Suffix (r)","Level 1","","IN","EN",4,"2026-09-16T09:53:07.670Z"
"Heart symbols","heart symbol reddit","General","Heart symbols r","Alphabet Suffix (r)","Level 1","","IN","EN",15,"2026-09-16T09:53:07.670Z"
"Heart symbols","heart symbol reiki","General","Heart symbols r","Alphabet Suffix (r)","Level 1","","IN","EN",7,"2026-09-16T09:53:07.670Z"
"Heart symbols","heart symbol religion","General","Heart symbols r","Alphabet Suffix (r)","Level 1","","IN","EN",14,"2026-09-16T09:53:07.670Z"
"Heart symbols","heart symbol religious","General","Heart symbols r","Alphabet Suffix (r)","Level 1","","IN","EN",11,"2026-09-16T09:53:07.670Z"
"Heart symbols","heart symbol represents","General","Heart symbols r","Alphabet Suffix (r)","Level 1","","IN","EN",6,"2026-09-16T09:53:07.670Z"
"Heart symbols","heart symbol right","General","Heart symbols r","Alphabet Suffix (r)","Level 1","","IN","EN",12,"2026-09-16T09:53:07.670Z"
"Heart symbols","heart symbol ring","General","Heart symbols r","Alphabet Suffix (r)","Level 1","","IN","EN",2,"2026-09-16T09:53:07.670Z"
"Heart symbols","heart symbol ring gold","General","Heart symbols r","Alphabet Suffix (r)","Level 1","","IN","EN",5,"2026-09-16T09:53:07.670Z"
"Heart symbols","heart symbol roblox","General","Heart symbols r","Alphabet Suffix (r)","Level 1","","IN","EN",9,"2026-09-16T09:53:07.670Z"
"Heart symbols","heart symbol s","General","Heart symbols s","Alphabet Suffix (s)","Level 1","","IN","EN",14,"2026-09-16T09:53:08.784Z"
"Heart symbols","heart symbol samsung","General","Heart symbols s","Alphabet Suffix (s)","Level 1","","IN","EN",15,"2026-09-16T09:53:08.784Z"
"Heart symbols","heart symbol shape","General","* Heart symbols","Wildcard Prefix (*)","Level 1","","IN","EN",12,"2026-09-16T09:52:30.289Z"
"Heart symbols","heart symbol shortcut","General","Heart symbols s","Alphabet Suffix (s)","Level 1","","IN","EN",10,"2026-09-16T09:53:08.784Z"
"Heart symbols","heart symbol shortcut key","General","Heart symbols s","Alphabet Suffix (s)","Level 1","","IN","EN",5,"2026-09-16T09:53:08.784Z"
"Heart symbols","heart symbol sideways","General","Heart symbols s","Alphabet Suffix (s)","Level 1","","IN","EN",8,"2026-09-16T09:53:08.784Z"
"Heart symbols","heart symbol snapchat","General","Heart symbols s","Alphabet Suffix (s)","Level 1","","IN","EN",7,"2026-09-16T09:53:08.784Z"
"Heart symbols","heart symbol special character","General","Heart symbols s","Alphabet Suffix (s)","Level 1","","IN","EN",12,"2026-09-16T09:53:08.784Z"
"Heart symbols","heart symbol spiritual meaning","Informational","Heart symbols s","Alphabet Suffix (s)","Level 1","","IN","EN",13,"2026-09-16T09:53:08.784Z"
"Heart symbols","heart symbol steam","General","Heart symbols s","Alphabet Suffix (s)","Level 1","","IN","EN",11,"2026-09-16T09:53:08.784Z"
"Heart symbols","heart symbol style","General","Heart symbols s","Alphabet Suffix (s)","Level 1","","IN","EN",6,"2026-09-16T09:53:08.784Z"
"Heart symbols","heart symbol stylish","General","Heart symbols *","Wildcard Suffix (*)","Level 1","","IN","EN",9,"2026-09-16T09:52:31.536Z"
"Heart symbols","heart symbol stylish name","General","Heart symbols s","Alphabet Suffix (s)","Level 1","","IN","EN",4,"2026-09-16T09:53:08.784Z"
"Heart symbols","heart symbol svg","General","Heart symbols s","Alphabet Suffix (s)","Level 1","","IN","EN",9,"2026-09-16T09:53:08.784Z"
"Heart symbols","heart symbol svg free","General","Heart symbols free","Modifier Suffix (free)","Level 1","","IN","EN",12,"2026-09-16T09:54:49.939Z"
"Heart symbols","heart symbol t shirt","General","t Heart symbols","Alphabet Prefix (t)","Level 1","","IN","EN",2,"2026-09-16T09:53:43.317Z"
"Heart symbols","heart symbol tattoo","General","Heart symbols t","Alphabet Suffix (t)","Level 1","","IN","EN",10,"2026-09-16T09:53:09.866Z"
"Heart symbols","heart symbol text 3","General","Heart symbols t","Alphabet Suffix (t)","Level 1","","IN","EN",13,"2026-09-16T09:53:09.866Z"
"Heart symbols","heart symbol text copy","General","* Heart symbols","Wildcard Prefix (*)","Level 1","","IN","EN",1,"2026-09-16T09:52:30.289Z"
"Heart symbols","heart symbol text copy big","General","* Heart symbols","Wildcard Prefix (*)","Level 1","","IN","EN",14,"2026-09-16T09:52:30.289Z"
"Heart symbols","heart symbol text copy small","General","Heart symbols t","Alphabet Suffix (t)","Level 1","","IN","EN",12,"2026-09-16T09:53:09.866Z"
"Heart symbols","heart symbol text keyboard","General","Heart symbols t","Alphabet Suffix (t)","Level 1","","IN","EN",14,"2026-09-16T09:53:09.866Z"
"Heart symbols","heart symbol text to copy","General","Heart symbols to","Modifier Suffix (to)","Level 1","","IN","EN",13,"2026-09-16T09:54:39.395Z"
"Heart symbols","heart symbol to paste","General","Heart symbols to","Modifier Suffix (to)","Level 1","","IN","EN",4,"2026-09-16T09:54:39.395Z"
"Heart symbols","heart symbol to text","General","Heart symbols to","Modifier Suffix (to)","Level 1","","IN","EN",5,"2026-09-16T09:54:39.395Z"
"Heart symbols","heart symbol to type","General","Heart symbols to","Modifier Suffix (to)","Level 1","","IN","EN",3,"2026-09-16T09:54:39.395Z"
"Heart symbols","heart symbol top","Commercial","Heart symbols top","Modifier Suffix (top)","Level 1","","IN","EN",1,"2026-09-16T09:54:45.074Z"
"Heart symbols","heart symbol transparent","General","Heart symbols t","Alphabet Suffix (t)","Level 1","","IN","EN",11,"2026-09-16T09:53:09.866Z"
"Heart symbols","heart symbol transparent background","General","Heart symbols t","Alphabet Suffix (t)","Level 1","","IN","EN",15,"2026-09-16T09:53:09.866Z"
"Heart symbols","heart symbol type","General","* Heart symbols","Wildcard Prefix (*)","Level 1","","IN","EN",7,"2026-09-16T09:52:30.289Z"
"Heart symbols","heart symbol umamusume","General","Heart symbols u","Alphabet Suffix (u)","Level 1","","IN","EN",15,"2026-09-16T09:53:11.159Z"
"Heart symbols","heart symbol undertale","General","Heart symbols u","Alphabet Suffix (u)","Level 1","","IN","EN",12,"2026-09-16T09:53:11.159Z"
"Heart symbols","heart symbol unique designs","General","Heart symbols u","Alphabet Suffix (u)","Level 1","","IN","EN",10,"2026-09-16T09:53:11.159Z"
"Heart symbols","heart symbol upside down","General","Heart symbols u","Alphabet Suffix (u)","Level 1","","IN","EN",4,"2026-09-16T09:53:11.159Z"
"Heart symbols","heart symbol username","General","Heart symbols u","Alphabet Suffix (u)","Level 1","","IN","EN",5,"2026-09-16T09:53:11.159Z"
"Heart symbols","heart symbol using 3","General","Heart symbols u","Alphabet Suffix (u)","Level 1","","IN","EN",13,"2026-09-16T09:53:11.159Z"
"Heart symbols","heart symbol using fingers","General","Heart symbols u","Alphabet Suffix (u)","Level 1","","IN","EN",6,"2026-09-16T09:53:11.159Z"
"Heart symbols","heart symbol using hands","General","Heart symbols u","Alphabet Suffix (u)","Level 1","","IN","EN",7,"2026-09-16T09:53:11.159Z"
"Heart symbols","heart symbol using keyboard","General","Heart symbols u","Alphabet Suffix (u)","Level 1","","IN","EN",3,"2026-09-16T09:53:11.159Z"
"Heart symbols","heart symbol using letters","General","Heart symbols u","Alphabet Suffix (u)","Level 1","","IN","EN",14,"2026-09-16T09:53:11.159Z"
"Heart symbols","heart symbol using text","General","Heart symbols u","Alphabet Suffix (u)","Level 1","","IN","EN",11,"2026-09-16T09:53:11.159Z"
"Heart symbols","heart symbol utf","General","Heart symbols u","Alphabet Suffix (u)","Level 1","","IN","EN",9,"2026-09-16T09:53:11.159Z"
"Heart symbols","heart symbol utf 8","General","Heart symbols u","Alphabet Suffix (u)","Level 1","","IN","EN",8,"2026-09-16T09:53:11.159Z"
"Heart symbols","heart symbol v","General","Heart symbols v","Alphabet Suffix (v)","Level 1","","IN","EN",15,"2026-09-16T09:53:12.344Z"
"Heart symbols","heart symbol valentine's day","General","Heart symbols v","Alphabet Suffix (v)","Level 1","","IN","EN",11,"2026-09-16T09:53:12.344Z"
"Heart symbols","heart symbol valorant","General","Heart symbols v","Alphabet Suffix (v)","Level 1","","IN","EN",9,"2026-09-16T09:53:12.344Z"
"Heart symbols","heart symbol valorant name","General","Heart symbols v","Alphabet Suffix (v)","Level 1","","IN","EN",14,"2026-09-16T09:53:12.344Z"
"Heart symbols","heart symbol variations","General","Heart symbols v","Alphabet Suffix (v)","Level 1","","IN","EN",13,"2026-09-16T09:53:12.344Z"
"Heart symbols","heart symbol vector","General","Heart symbols v","Alphabet Suffix (v)","Level 1","","IN","EN",1,"2026-09-16T09:53:12.344Z"
"Heart symbols","heart symbol vector free","General","Heart symbols v","Alphabet Suffix (v)","Level 1","","IN","EN",2,"2026-09-16T09:53:12.344Z"
"Heart symbols","heart symbol vector png","General","Heart symbols v","Alphabet Suffix (v)","Level 1","","IN","EN",10,"2026-09-16T09:53:12.344Z"
"Heart symbols","heart symbol video download","General","Heart symbols v","Alphabet Suffix (v)","Level 1","","IN","EN",3,"2026-09-16T09:53:12.344Z"
"Heart symbols","heart symbol video editing","General","Heart symbols v","Alphabet Suffix (v)","Level 1","","IN","EN",12,"2026-09-16T09:53:12.344Z"
"Heart symbols","heart symbol vrchat","General","Heart symbols v","Alphabet Suffix (v)","Level 1","","IN","EN",4,"2026-09-16T09:53:12.344Z"
"Heart symbols","heart symbol vs real heart","Commercial","Heart symbols v","Alphabet Suffix (v)","Level 1","","IN","EN",6,"2026-09-16T09:53:12.344Z"
"Heart symbols","heart symbol whatsapp","General","Heart symbols w","Alphabet Suffix (w)","Level 1","","IN","EN",15,"2026-09-16T09:53:14.192Z"
"Heart symbols","heart symbol white","General","* Heart symbols","Wildcard Prefix (*)","Level 1","","IN","EN",6,"2026-09-16T09:52:30.289Z"
"Heart symbols","heart symbol wikipedia","General","Heart symbols w","Alphabet Suffix (w)","Level 1","","IN","EN",12,"2026-09-16T09:53:14.192Z"
"Heart symbols","heart symbol windows","General","Heart symbols w","Alphabet Suffix (w)","Level 1","","IN","EN",14,"2026-09-16T09:53:14.192Z"
"Heart symbols","heart symbol windows 11","General","Heart symbols 1","Number Suffix (1)","Level 1","","IN","EN",2,"2026-09-16T09:53:55.980Z"
"Heart symbols","heart symbol with","General","Heart symbols with","Modifier Suffix (with)","Level 1","","IN","EN",14,"2026-09-16T09:54:35.135Z"
"Heart symbols","heart symbol with 3","General","Heart symbols w","Alphabet Suffix (w)","Level 1","","IN","EN",13,"2026-09-16T09:53:14.192Z"
"Heart symbols","heart symbol with arrow","General","Heart symbols w","Alphabet Suffix (w)","Level 1","","IN","EN",11,"2026-09-16T09:53:14.192Z"
"Heart symbols","heart symbol with bow","General","Heart symbols with","Modifier Suffix (with)","Level 1","","IN","EN",10,"2026-09-16T09:54:35.135Z"
"Heart symbols","heart symbol with fingers","General","Heart symbols w","Alphabet Suffix (w)","Level 1","","IN","EN",9,"2026-09-16T09:53:14.192Z"
"Heart symbols","heart symbol with fire","General","Heart symbols with","Modifier Suffix (with)","Level 1","","IN","EN",12,"2026-09-16T09:54:35.135Z"
"Heart symbols","heart symbol with hands meaning","Informational","Heart symbols w","Alphabet Suffix (w)","Level 1","","IN","EN",10,"2026-09-16T09:53:14.192Z"
"Heart symbols","heart symbol with infinity","General","Heart symbols with","Modifier Suffix (with)","Level 1","","IN","EN",11,"2026-09-16T09:54:35.135Z"
"Heart symbols","heart symbol with letter r","General","r Heart symbols","Alphabet Prefix (r)","Level 1","","IN","EN",3,"2026-09-16T09:53:40.667Z"
"Heart symbols","heart symbol with name","General","Heart symbols with","Modifier Suffix (with)","Level 1","","IN","EN",15,"2026-09-16T09:54:35.135Z"
"Heart symbols","heart symbol with ribbon","General","Heart symbols with","Modifier Suffix (with)","Level 1","","IN","EN",13,"2026-09-16T09:54:35.135Z"
"Heart symbols","heart symbol with wings","General","Heart symbols with","Modifier Suffix (with)","Level 1","","IN","EN",9,"2026-09-16T09:54:35.135Z"
"Heart symbols","heart symbol with your fingers","General","Heart symbols y","Alphabet Suffix (y)","Level 1","","IN","EN",6,"2026-09-16T09:53:16.956Z"
"Heart symbols","heart symbol with your hands","General","Heart symbols y","Alphabet Suffix (y)","Level 1","","IN","EN",5,"2026-09-16T09:53:16.956Z"
"Heart symbols","heart symbol without background","General","Heart symbols without","Modifier Suffix (without)","Level 1","","IN","EN",1,"2026-09-16T09:54:36.945Z"
"Heart symbols","heart symbol without color","General","Heart symbols without","Modifier Suffix (without)","Level 1","","IN","EN",3,"2026-09-16T09:54:36.945Z"
"Heart symbols","heart symbol without emoji","General","Heart symbols without","Modifier Suffix (without)","Level 1","","IN","EN",2,"2026-09-16T09:54:36.945Z"
"Heart symbols","heart symbol without numpad","General","Heart symbols without","Modifier Suffix (without)","Level 1","","IN","EN",4,"2026-09-16T09:54:36.945Z"
"Heart symbols","heart symbol x","General","Heart symbols x","Alphabet Suffix (x)","Level 1","","IN","EN",1,"2026-09-16T09:53:15.449Z"
"Heart symbols","heart symbol yellow","General","Heart symbols y","Alphabet Suffix (y)","Level 1","","IN","EN",3,"2026-09-16T09:53:16.956Z"
"Heart symbols","heart symbol youtube","General","Heart symbols y","Alphabet Suffix (y)","Level 1","","IN","EN",4,"2026-09-16T09:53:16.956Z"
"Heart symbols","heart symbol youtube comment","General","Heart symbols y","Alphabet Suffix (y)","Level 1","","IN","EN",1,"2026-09-16T09:53:16.956Z"
"Heart symbols","heart symbol zapf dingbats","General","Heart symbols z","Alphabet Suffix (z)","Level 1","","IN","EN",1,"2026-09-16T09:53:18.082Z"
"Heart symbols","heart symbol zum kopieren","General","Heart symbols z","Alphabet Suffix (z)","Level 1","","IN","EN",5,"2026-09-16T09:53:18.082Z"
"Heart symbols","heart symbol.jacket","General","Heart symbols j","Alphabet Suffix (j)","Level 1","","IN","EN",6,"2026-09-16T09:52:52.509Z"
"Heart symbols","heart symbols","General","* Heart symbols","Wildcard Prefix (*)","Level 1","","IN","EN",15,"2026-09-16T09:52:30.289Z"
"Heart symbols","heart symbols aesthetic","General","Heart symbols","Exact Seed","Level 1","","IN","EN",5,"2026-09-16T09:52:28.374Z"
"Heart symbols","heart symbols aesthetic copy and paste","General","Heart symbols a","Alphabet Suffix (a)","Level 1","","IN","EN",3,"2026-09-16T09:52:39.455Z"
"Heart symbols","heart symbols all","General","Heart symbols a","Alphabet Suffix (a)","Level 1","","IN","EN",7,"2026-09-16T09:52:39.455Z"
"Heart symbols","heart symbols and emojis","General","Heart symbols a","Alphabet Suffix (a)","Level 1","","IN","EN",4,"2026-09-16T09:52:39.455Z"
"Heart symbols","heart symbols and fonts","General","Heart symbols a","Alphabet Suffix (a)","Level 1","","IN","EN",6,"2026-09-16T09:52:39.455Z"
"Heart symbols","heart symbols and meanings","General","Heart symbols a","Alphabet Suffix (a)","Level 1","","IN","EN",1,"2026-09-16T09:52:39.455Z"
"Heart symbols","heart symbols and their meanings","General","Heart symbols","Exact Seed","Level 1","","IN","EN",12,"2026-09-16T09:52:28.374Z"
"Heart symbols","heart symbols ascii","General","Heart symbols a","Alphabet Suffix (a)","Level 1","","IN","EN",5,"2026-09-16T09:52:39.455Z"
"Heart symbols","heart symbols background","General","Heart symbols","Exact Seed","Level 1","","IN","EN",11,"2026-09-16T09:52:28.374Z"
"Heart symbols","heart symbols big","General","Heart symbols b","Alphabet Suffix (b)","Level 1","","IN","EN",3,"2026-09-16T09:52:40.679Z"
"Heart symbols","heart symbols bio","General","Heart symbols b","Alphabet Suffix (b)","Level 1","","IN","EN",2,"2026-09-16T09:52:40.679Z"
"Heart symbols","heart symbols black","General","Heart symbols b","Alphabet Suffix (b)","Level 1","","IN","EN",4,"2026-09-16T09:52:40.679Z"
"Heart symbols","heart symbols black and white","General","Heart symbols b","Alphabet Suffix (b)","Level 1","","IN","EN",5,"2026-09-16T09:52:40.679Z"
"Heart symbols","heart symbols by generation","General","Heart symbols b","Alphabet Suffix (b)","Level 1","","IN","EN",6,"2026-09-16T09:52:40.679Z"
"Heart symbols","heart symbols cnp","General","Heart symbols c","Alphabet Suffix (c)","Level 1","","IN","EN",6,"2026-09-16T09:52:42.033Z"
"Heart symbols","heart symbols codm","General","Heart symbols c","Alphabet Suffix (c)","Level 1","","IN","EN",7,"2026-09-16T09:52:42.033Z"
"Heart symbols","heart symbols colors","General","Heart symbols c","Alphabet Suffix (c)","Level 1","","IN","EN",14,"2026-09-16T09:52:42.034Z"
"Heart symbols","heart symbols colors meaning","Informational","Heart symbols c","Alphabet Suffix (c)","Level 1","","IN","EN",4,"2026-09-16T09:52:42.033Z"
"Heart symbols","heart symbols combo","General","Heart symbols c","Alphabet Suffix (c)","Level 1","","IN","EN",8,"2026-09-16T09:52:42.033Z"
"Heart symbols","heart symbols cool","General","Heart symbols c","Alphabet Suffix (c)","Level 1","","IN","EN",11,"2026-09-16T09:52:42.034Z"
"Heart symbols","heart symbols copy","General","Heart symbols","Exact Seed","Level 1","","IN","EN",13,"2026-09-16T09:52:28.374Z"
"Heart symbols","heart symbols copy and paste","General","Heart symbols","Exact Seed","Level 1","","IN","EN",1,"2026-09-16T09:52:28.374Z"
"Heart symbols","heart symbols copy and paste aesthetic","General","Heart symbols","Exact Seed","Level 1","","IN","EN",15,"2026-09-16T09:52:28.374Z"
"Heart symbols","heart symbols copy and paste codm","General","Heart symbols c","Alphabet Suffix (c)","Level 1","","IN","EN",13,"2026-09-16T09:52:42.034Z"
"Heart symbols","heart symbols copy and paste instagram","General","Heart symbols c","Alphabet Suffix (c)","Level 1","","IN","EN",12,"2026-09-16T09:52:42.034Z"
"Heart symbols","heart symbols copypasta","General","Heart symbols c","Alphabet Suffix (c)","Level 1","","IN","EN",15,"2026-09-16T09:52:42.034Z"
"Heart symbols","heart symbols coquette","General","Heart symbols c","Alphabet Suffix (c)","Level 1","","IN","EN",10,"2026-09-16T09:52:42.034Z"
"Heart symbols","heart symbols cute","General","Heart symbols c","Alphabet Suffix (c)","Level 1","","IN","EN",5,"2026-09-16T09:52:42.033Z"
"Heart symbols","heart symbols cute copy and paste","General","Heart symbols c","Alphabet Suffix (c)","Level 1","","IN","EN",9,"2026-09-16T09:52:42.034Z"
"Heart symbols","heart symbols dafont","General","Heart symbols d","Alphabet Suffix (d)","Level 1","","IN","EN",7,"2026-09-16T09:52:43.536Z"
"Heart symbols","heart symbols different","General","Heart symbols d","Alphabet Suffix (d)","Level 1","","IN","EN",8,"2026-09-16T09:52:43.536Z"
"Heart symbols","heart symbols discord","General","Heart symbols d","Alphabet Suffix (d)","Level 1","","IN","EN",2,"2026-09-16T09:52:43.536Z"
"Heart symbols","heart symbols dots","General","Heart symbols d","Alphabet Suffix (d)","Level 1","","IN","EN",4,"2026-09-16T09:52:43.536Z"
"Heart symbols","heart symbols download","General","Heart symbols","Exact Seed","Level 1","","IN","EN",14,"2026-09-16T09:52:28.374Z"
"Heart symbols","heart symbols dp","General","Heart symbols d","Alphabet Suffix (d)","Level 1","","IN","EN",6,"2026-09-16T09:52:43.536Z"
"Heart symbols","heart symbols drawing","General","Heart symbols d","Alphabet Suffix (d)","Level 1","","IN","EN",3,"2026-09-16T09:52:43.536Z"
"Heart symbols","heart symbols emoji","General","Heart symbols e","Alphabet Suffix (e)","Level 1","","IN","EN",1,"2026-09-16T09:52:45.400Z"
"Heart symbols","heart symbols emoji combos","General","Heart symbols e","Alphabet Suffix (e)","Level 1","","IN","EN",3,"2026-09-16T09:52:45.400Z"
"Heart symbols","heart symbols emoji copy and paste","General","Heart symbols e","Alphabet Suffix (e)","Level 1","","IN","EN",5,"2026-09-16T09:52:45.400Z"
"Heart symbols","heart symbols emoji meaning","Informational","Heart symbols e","Alphabet Suffix (e)","Level 1","","IN","EN",2,"2026-09-16T09:52:45.400Z"
"Heart symbols","heart symbols emoticon","General","Heart symbols e","Alphabet Suffix (e)","Level 1","","IN","EN",4,"2026-09-16T09:52:45.400Z"
"Heart symbols","heart symbols font","General","Heart symbols f","Alphabet Suffix (f)","Level 1","","IN","EN",5,"2026-09-16T09:52:46.705Z"
"Heart symbols","heart symbols for bio","General","Heart symbols","Exact Seed","Level 1","","IN","EN",10,"2026-09-16T09:52:28.374Z"
"Heart symbols","heart symbols for bio 𖥔 ࣪ ᥫ᭡ꗃ⋆࣪","General","Heart symbols f","Alphabet Suffix (f)","Level 1","","IN","EN",8,"2026-09-16T09:52:46.708Z"
"Heart symbols","heart symbols for codm","General","Heart symbols f","Alphabet Suffix (f)","Level 1","","IN","EN",6,"2026-09-16T09:52:46.705Z"
"Heart symbols","heart symbols for copy","General","Heart symbols for","Modifier Suffix (for)","Level 1","","IN","EN",10,"2026-09-16T09:54:34.047Z"
"Heart symbols","heart symbols for copy and paste","General","Heart symbols for","Modifier Suffix (for)","Level 1","","IN","EN",12,"2026-09-16T09:54:34.047Z"
"Heart symbols","heart symbols for discord","General","Heart symbols f","Alphabet Suffix (f)","Level 1","","IN","EN",11,"2026-09-16T09:52:46.708Z"
"Heart symbols","heart symbols for ff","General","Heart symbols","Exact Seed","Level 1","","IN","EN",9,"2026-09-16T09:52:28.374Z"
"Heart symbols","heart symbols for fortnite","General","Heart symbols f","Alphabet Suffix (f)","Level 1","","IN","EN",9,"2026-09-16T09:52:46.708Z"
"Heart symbols","heart symbols for free fire","General","Heart symbols f","Alphabet Suffix (f)","Level 1","","IN","EN",12,"2026-09-16T09:52:46.708Z"
"Heart symbols","heart symbols for instagram","General","Heart symbols","Exact Seed","Level 1","","IN","EN",4,"2026-09-16T09:52:28.374Z"
"Heart symbols","heart symbols for instagram bio","General","Heart symbols","Exact Seed","Level 1","","IN","EN",7,"2026-09-16T09:52:28.374Z"
"Heart symbols","heart symbols for instagram highlights","General","Heart symbols f","Alphabet Suffix (f)","Level 1","","IN","EN",15,"2026-09-16T09:52:46.708Z"
"Heart symbols","heart symbols for keyboard","General","Heart symbols for","Modifier Suffix (for)","Level 1","","IN","EN",11,"2026-09-16T09:54:34.047Z"
"Heart symbols","heart symbols for pubg","General","Heart symbols f","Alphabet Suffix (f)","Level 1","","IN","EN",13,"2026-09-16T09:52:46.708Z"
"Heart symbols","heart symbols for roblox","General","Heart symbols f","Alphabet Suffix (f)","Level 1","","IN","EN",14,"2026-09-16T09:52:46.708Z"
"Heart symbols","heart symbols for text","General","Heart symbols f","Alphabet Suffix (f)","Level 1","","IN","EN",10,"2026-09-16T09:52:46.708Z"
"Heart symbols","heart symbols for usernames","General","Heart symbols f","Alphabet Suffix (f)","Level 1","","IN","EN",7,"2026-09-16T09:52:46.705Z"
"Heart symbols","heart symbols generator","Calculator & Tool","Heart symbols g","Alphabet Suffix (g)","Level 1","","IN","EN",1,"2026-09-16T09:52:48.186Z"
"Heart symbols","heart symbols goth","General","Heart symbols g","Alphabet Suffix (g)","Level 1","","IN","EN",2,"2026-09-16T09:52:48.186Z"
"Heart symbols","heart symbols ig","General","Heart symbols i","Alphabet Suffix (i)","Level 1","","IN","EN",5,"2026-09-16T09:52:51.154Z"
"Heart symbols","heart symbols images","General","Heart symbols i","Alphabet Suffix (i)","Level 1","","IN","EN",1,"2026-09-16T09:52:51.153Z"
"Heart symbols","heart symbols in keyboard","General","Heart symbols i","Alphabet Suffix (i)","Level 1","","IN","EN",4,"2026-09-16T09:52:51.154Z"
"Heart symbols","heart symbols in text","General","Heart symbols i","Alphabet Suffix (i)","Level 1","","IN","EN",3,"2026-09-16T09:52:51.154Z"
"Heart symbols","heart symbols instagram","General","Heart symbols i","Alphabet Suffix (i)","Level 1","","IN","EN",2,"2026-09-16T09:52:51.154Z"
"Heart symbols","heart symbols kaomoji","General","Heart symbols k","Alphabet Suffix (k)","Level 1","","IN","EN",2,"2026-09-16T09:52:53.867Z"
"Heart symbols","heart symbols kawaii","General","Heart symbols k","Alphabet Suffix (k)","Level 1","","IN","EN",3,"2026-09-16T09:52:53.867Z"
"Heart symbols","heart symbols keyboard","General","Heart symbols k","Alphabet Suffix (k)","Level 1","","IN","EN",1,"2026-09-16T09:52:53.867Z"
"Heart symbols","heart symbols meaning","Informational","Heart symbols","Exact Seed","Level 1","","IN","EN",2,"2026-09-16T09:52:28.374Z"
"Heart symbols","heart symbols meaning in telugu","Informational","Heart symbols m","Alphabet Suffix (m)","Level 1","","IN","EN",9,"2026-09-16T09:52:57.914Z"
"Heart symbols","heart symbols on keyboard","General","Heart symbols o","Alphabet Suffix (o)","Level 1","","IN","EN",2,"2026-09-16T09:53:02.942Z"
"Heart symbols","heart symbols on omron blood pressure monitor","General","Heart symbols o","Alphabet Suffix (o)","Level 1","","IN","EN",1,"2026-09-16T09:53:02.942Z"
"Heart symbols","heart symbols on snapchat","General","Heart symbols o","Alphabet Suffix (o)","Level 1","","IN","EN",3,"2026-09-16T09:53:02.942Z"
"Heart symbols","heart symbols on text","General","Heart symbols o","Alphabet Suffix (o)","Level 1","","IN","EN",4,"2026-09-16T09:53:02.942Z"
"Heart symbols","heart symbols outline","General","Heart symbols o","Alphabet Suffix (o)","Level 1","","IN","EN",5,"2026-09-16T09:53:02.942Z"
"Heart symbols","heart symbols paste","General","Heart symbols p","Alphabet Suffix (p)","Level 1","","IN","EN",3,"2026-09-16T09:53:04.930Z"
"Heart symbols","heart symbols photos","General","Heart symbols","Exact Seed","Level 1","","IN","EN",3,"2026-09-16T09:52:28.374Z"
"Heart symbols","heart symbols pics","General","Heart symbols p","Alphabet Suffix (p)","Level 1","","IN","EN",4,"2026-09-16T09:53:04.930Z"
"Heart symbols","heart symbols pink","General","Heart symbols p","Alphabet Suffix (p)","Level 1","","IN","EN",5,"2026-09-16T09:53:04.930Z"
"Heart symbols","heart symbols png","General","Heart symbols","Exact Seed","Level 1","","IN","EN",6,"2026-09-16T09:52:28.374Z"
"Heart symbols","heart symbols small","General","Heart symbols s","Alphabet Suffix (s)","Level 1","","IN","EN",1,"2026-09-16T09:53:08.784Z"
"Heart symbols","heart symbols stars","General","Heart symbols s","Alphabet Suffix (s)","Level 1","","IN","EN",3,"2026-09-16T09:53:08.784Z"
"Heart symbols","heart symbols stylish","General","Heart symbols s","Alphabet Suffix (s)","Level 1","","IN","EN",2,"2026-09-16T09:53:08.784Z"
"Heart symbols","heart symbols text","General","Heart symbols","Exact Seed","Level 1","","IN","EN",8,"2026-09-16T09:52:28.374Z"
"Heart symbols","heart symbols text copy and paste","General","Heart symbols t","Alphabet Suffix (t)","Level 1","","IN","EN",5,"2026-09-16T09:53:09.866Z"
"Heart symbols","heart symbols tiny","General","Heart symbols t","Alphabet Suffix (t)","Level 1","","IN","EN",6,"2026-09-16T09:53:09.866Z"
"Heart symbols","heart symbols to copy","General","Heart symbols t","Alphabet Suffix (t)","Level 1","","IN","EN",2,"2026-09-16T09:53:09.866Z"
"Heart symbols","heart symbols to copy and paste","General","Heart symbols t","Alphabet Suffix (t)","Level 1","","IN","EN",3,"2026-09-16T09:53:09.866Z"
"Heart symbols","heart symbols tumblr","General","Heart symbols t","Alphabet Suffix (t)","Level 1","","IN","EN",4,"2026-09-16T09:53:09.866Z"
"Heart symbols","heart symbols type","General","Heart symbols t","Alphabet Suffix (t)","Level 1","","IN","EN",8,"2026-09-16T09:53:09.866Z"
"Heart symbols","heart symbols unicode","General","Heart symbols u","Alphabet Suffix (u)","Level 1","","IN","EN",1,"2026-09-16T09:53:11.159Z"
"Heart symbols","heart symbols unique","General","Heart symbols u","Alphabet Suffix (u)","Level 1","","IN","EN",2,"2026-09-16T09:53:11.159Z"
"Heart symbols","heart symbols video","General","Heart symbols v","Alphabet Suffix (v)","Level 1","","IN","EN",8,"2026-09-16T09:53:12.344Z"
"Heart symbols","heart symbols wallpaper","General","Heart symbols w","Alphabet Suffix (w)","Level 1","","IN","EN",2,"2026-09-16T09:53:14.191Z"
"Heart symbols","heart symbols white","General","Heart symbols w","Alphabet Suffix (w)","Level 1","","IN","EN",7,"2026-09-16T09:53:14.192Z"
"Heart symbols","heart symbols wings","General","Heart symbols w","Alphabet Suffix (w)","Level 1","","IN","EN",4,"2026-09-16T09:53:14.191Z"
"Heart symbols","heart symbols with hands","General","Heart symbols w","Alphabet Suffix (w)","Level 1","","IN","EN",3,"2026-09-16T09:53:14.191Z"
"Heart symbols","heart symbols with keyboard","General","Heart symbols w","Alphabet Suffix (w)","Level 1","","IN","EN",5,"2026-09-16T09:53:14.192Z"
"Heart symbols","heart symbols with meaning","Informational","Heart symbols w","Alphabet Suffix (w)","Level 1","","IN","EN",1,"2026-09-16T09:53:14.191Z"
"Heart symbols","heart symbols with text","General","Heart symbols w","Alphabet Suffix (w)","Level 1","","IN","EN",8,"2026-09-16T09:53:14.192Z"
"Heart symbols","heart symbols word","General","Heart symbols w","Alphabet Suffix (w)","Level 1","","IN","EN",6,"2026-09-16T09:53:14.192Z"
"Heart symbols","heart symbols y2k","General","Heart symbols y","Alphabet Suffix (y)","Level 1","","IN","EN",2,"2026-09-16T09:53:16.956Z"
"Heart symbols","heart with cross on top symbol","Commercial","Heart symbols top","Modifier Suffix (top)","Level 1","","IN","EN",9,"2026-09-16T09:54:45.074Z"
"Heart symbols","heart with symbol tattoo","General","w Heart symbols","Alphabet Prefix (w)","Level 1","","IN","EN",8,"2026-09-16T09:53:48.693Z"
"Heart symbols","heart with symbols","General","w Heart symbols","Alphabet Prefix (w)","Level 1","","IN","EN",2,"2026-09-16T09:53:48.693Z"
"Heart symbols","heart with symbols copy paste","General","w Heart symbols","Alphabet Prefix (w)","Level 1","","IN","EN",4,"2026-09-16T09:53:48.693Z"
"Heart symbols","heart with symbols keyboard","General","w Heart symbols","Alphabet Prefix (w)","Level 1","","IN","EN",5,"2026-09-16T09:53:48.693Z"
"Heart symbols","heart with symbols text","General","w Heart symbols","Alphabet Prefix (w)","Level 1","","IN","EN",3,"2026-09-16T09:53:48.693Z"
"Heart symbols","heart without symbol","General","Heart symbols without","Modifier Suffix (without)","Level 1","","IN","EN",5,"2026-09-16T09:54:36.945Z"
"Heart symbols","heart zia symbol","General","Heart symbols z","Alphabet Suffix (z)","Level 1","","IN","EN",2,"2026-09-16T09:53:18.082Z"
"Heart symbols","heart zia symbol tattoo","General","Heart symbols z","Alphabet Suffix (z)","Level 1","","IN","EN",3,"2026-09-16T09:53:18.082Z"
"Heart symbols","heartopia characters","General","Heart symbols top","Modifier Suffix (top)","Level 1","","IN","EN",2,"2026-09-16T09:54:45.074Z"
"Heart symbols","how did heart symbol originate","Informational","how Heart symbols","Question Starter (how)","Level 1","","IN","EN",6,"2026-09-16T09:54:21.659Z"
"Heart symbols","how did the heart symbol come to be","Informational","how Heart symbols","Question Starter (how)","Level 1","","IN","EN",8,"2026-09-16T09:54:21.659Z"
"Heart symbols","how do you get the little heart symbol on iphone","Informational","i Heart symbols","Alphabet Prefix (i)","Level 1","","IN","EN",6,"2026-09-16T09:53:30.154Z"
"Heart symbols","how heart symbol","Informational","how Heart symbols","Question Starter (how)","Level 1","","IN","EN",2,"2026-09-16T09:54:21.659Z"
"Heart symbols","how heart symbol was created","Informational","how Heart symbols","Question Starter (how)","Level 1","","IN","EN",1,"2026-09-16T09:54:21.659Z"
"Heart symbols","how to do a heart with symbols","Informational","j Heart symbols","Alphabet Prefix (j)","Level 1","","IN","EN",5,"2026-09-16T09:53:31.338Z"
"Heart symbols","how to draw a heart with symbols","Informational","Heart symbols t","Alphabet Suffix (t)","Level 1","","IN","EN",7,"2026-09-16T09:53:09.866Z"
"Heart symbols","how to draw heart symbol","Informational","how to Heart symbols","Question Starter (how to)","Level 1","","IN","EN",10,"2026-09-16T09:54:20.414Z"
"Heart symbols","how to get heart symbol","Informational","how to Heart symbols","Question Starter (how to)","Level 1","","IN","EN",14,"2026-09-16T09:54:20.414Z"
"Heart symbols","how to get heart symbol on iphone keyboard","Informational","how to Heart symbols","Question Starter (how to)","Level 1","","IN","EN",9,"2026-09-16T09:54:20.414Z"
"Heart symbols","how to get heart symbol on keyboard","Informational","how to Heart symbols","Question Starter (how to)","Level 1","","IN","EN",8,"2026-09-16T09:54:20.414Z"
"Heart symbols","how to get the heart symbol","Informational","Heart symbols near","Modifier Suffix (near)","Level 1","","IN","EN",3,"2026-09-16T09:54:41.664Z"
"Heart symbols","how to heart symbol","Informational","how to Heart symbols","Question Starter (how to)","Level 1","","IN","EN",2,"2026-09-16T09:54:20.414Z"
"Heart symbols","how to heart symbol in text","Informational","how to Heart symbols","Question Starter (how to)","Level 1","","IN","EN",1,"2026-09-16T09:54:20.414Z"
"Heart symbols","how to insert heart symbol","Informational","how to Heart symbols","Question Starter (how to)","Level 1","","IN","EN",15,"2026-09-16T09:54:20.414Z"
"Heart symbols","how to insert heart symbol in word","Informational","how to Heart symbols","Question Starter (how to)","Level 1","","IN","EN",7,"2026-09-16T09:54:20.414Z"
"Heart symbols","how to make heart symbol with hands","Informational","how to Heart symbols","Question Starter (how to)","Level 1","","IN","EN",12,"2026-09-16T09:54:20.414Z"
"Heart symbols","how to make heart symbols","Informational","how to Heart symbols","Question Starter (how to)","Level 1","","IN","EN",4,"2026-09-16T09:54:20.414Z"
"Heart symbols","how to make heart symbols in keyboard","Informational","how to Heart symbols","Question Starter (how to)","Level 1","","IN","EN",3,"2026-09-16T09:54:20.414Z"
"Heart symbols","how to make text heart symbols","Informational","how to Heart symbols","Question Starter (how to)","Level 1","","IN","EN",5,"2026-09-16T09:54:20.414Z"
"Heart symbols","how to remove heart symbol on snapchat","Informational","how to Heart symbols","Question Starter (how to)","Level 1","","IN","EN",13,"2026-09-16T09:54:20.414Z"
"Heart symbols","how to type heart symbol","Informational","how to Heart symbols","Question Starter (how to)","Level 1","","IN","EN",6,"2026-09-16T09:54:20.414Z"
"Heart symbols","how to type heart symbol on phone","Informational","how to Heart symbols","Question Starter (how to)","Level 1","","IN","EN",11,"2026-09-16T09:54:20.414Z"
"Heart symbols","i heart characters","General","i Heart symbols","Alphabet Prefix (i)","Level 1","","IN","EN",4,"2026-09-16T09:53:30.154Z"
"Heart symbols","i heart symbol","General","i Heart symbols","Alphabet Prefix (i)","Level 1","","IN","EN",1,"2026-09-16T09:53:30.154Z"
"Heart symbols","i love symbols","General","i Heart symbols","Alphabet Prefix (i)","Level 1","","IN","EN",2,"2026-09-16T09:53:30.154Z"
"Heart symbols","i with heart dot symbol","General","i Heart symbols","Alphabet Prefix (i)","Level 1","","IN","EN",5,"2026-09-16T09:53:30.154Z"
"Heart symbols","instagram heart symbol top right","Commercial","Heart symbols top","Modifier Suffix (top)","Level 1","","IN","EN",5,"2026-09-16T09:54:45.074Z"
"Heart symbols","iphone 18 heart symbol","General","Heart symbols 1","Number Suffix (1)","Level 1","","IN","EN",7,"2026-09-16T09:53:55.980Z"
"Heart symbols","is a heart a symbol of peace","General","is Heart symbols","Question Starter (is)","Level 1","","IN","EN",6,"2026-09-16T09:54:32.479Z"
"Heart symbols","is a heart a symbol or a shape","General","is Heart symbols","Question Starter (is)","Level 1","","IN","EN",7,"2026-09-16T09:54:32.479Z"
"Heart symbols","is a heart a symbol or icon","General","is Heart symbols","Question Starter (is)","Level 1","","IN","EN",8,"2026-09-16T09:54:32.479Z"
"Heart symbols","is heart symbol","General","is Heart symbols","Question Starter (is)","Level 1","","IN","EN",1,"2026-09-16T09:54:32.479Z"
"Heart symbols","is heart symbol love","General","is Heart symbols","Question Starter (is)","Level 1","","IN","EN",2,"2026-09-16T09:54:32.479Z"
"Heart symbols","is the heart symbol a woman bending over","General","is Heart symbols","Question Starter (is)","Level 1","","IN","EN",3,"2026-09-16T09:54:32.479Z"
"Heart symbols","is the heart symbol pagan","General","is Heart symbols","Question Starter (is)","Level 1","","IN","EN",4,"2026-09-16T09:54:32.479Z"
"Heart symbols","is the heart symbol satanic","General","is Heart symbols","Question Starter (is)","Level 1","","IN","EN",9,"2026-09-16T09:54:32.479Z"
"Heart symbols","is the heart symbol universal","General","is Heart symbols","Question Starter (is)","Level 1","","IN","EN",5,"2026-09-16T09:54:32.479Z"
"Heart symbols","is there a korean heart emoji","General","k Heart symbols","Alphabet Prefix (k)","Level 1","","IN","EN",9,"2026-09-16T09:53:32.832Z"
"Heart symbols","j heart symbol","General","j Heart symbols","Alphabet Prefix (j)","Level 1","","IN","EN",1,"2026-09-16T09:53:31.338Z"
"Heart symbols","j heart symbol copy and paste","General","j Heart symbols","Alphabet Prefix (j)","Level 1","","IN","EN",2,"2026-09-16T09:53:31.338Z"
"Heart symbols","japanese heart symbol hand","General","Heart symbols j","Alphabet Suffix (j)","Level 1","","IN","EN",11,"2026-09-16T09:52:52.509Z"
"Heart symbols","jaydes heart symbol","General","Heart symbols j","Alphabet Suffix (j)","Level 1","","IN","EN",14,"2026-09-16T09:52:52.509Z"
"Heart symbols","jewish heart symbol","General","Heart symbols j","Alphabet Suffix (j)","Level 1","","IN","EN",13,"2026-09-16T09:52:52.509Z"
"Heart symbols","k drama heart symbol","General","k Heart symbols","Alphabet Prefix (k)","Level 1","","IN","EN",7,"2026-09-16T09:53:32.832Z"
"Heart symbols","k heart symbol","General","k Heart symbols","Alphabet Prefix (k)","Level 1","","IN","EN",1,"2026-09-16T09:53:32.832Z"
"Heart symbols","k heart symbol copy and paste","General","k Heart symbols","Alphabet Prefix (k)","Level 1","","IN","EN",2,"2026-09-16T09:53:32.832Z"
"Heart symbols","k heart symbol text","General","k Heart symbols","Alphabet Prefix (k)","Level 1","","IN","EN",3,"2026-09-16T09:53:32.832Z"
"Heart symbols","k pop heart symbol","General","k Heart symbols","Alphabet Prefix (k)","Level 1","","IN","EN",6,"2026-09-16T09:53:32.832Z"
"Heart symbols","karol g heart symbol","General","g Heart symbols","Alphabet Prefix (g)","Level 1","","IN","EN",2,"2026-09-16T09:53:27.656Z"
"Heart symbols","kcd 2 heart symbol","General","Heart symbols 2","Number Suffix (2)","Level 1","","IN","EN",11,"2026-09-16T09:53:58.200Z"
"Heart symbols","kingdom hearts 3 heart symbol","General","3 Heart symbols","Number Prefix (3)","Level 1","","IN","EN",10,"2026-09-16T09:54:01.420Z"
"Heart symbols","l heart symbol","General","l Heart symbols","Alphabet Prefix (l)","Level 1","","IN","EN",1,"2026-09-16T09:53:33.961Z"
"Heart symbols","left heart symbol","General","l Heart symbols","Alphabet Prefix (l)","Level 1","","IN","EN",2,"2026-09-16T09:53:33.961Z"
"Heart symbols","less than 3 heart symbol","General","3 Heart symbols","Number Prefix (3)","Level 1","","IN","EN",12,"2026-09-16T09:54:01.420Z"
"Heart symbols","lies of p heart symbol","General","p Heart symbols","Alphabet Prefix (p)","Level 1","","IN","EN",2,"2026-09-16T09:53:38.331Z"
"Heart symbols","lots of heart symbols","General","o Heart symbols","Alphabet Prefix (o)","Level 1","","IN","EN",4,"2026-09-16T09:53:37.245Z"
"Heart symbols","lots of heart symbols 3","General","o Heart symbols","Alphabet Prefix (o)","Level 1","","IN","EN",7,"2026-09-16T09:53:37.245Z"
"Heart symbols","lots of heart symbols manga","General","o Heart symbols","Alphabet Prefix (o)","Level 1","","IN","EN",9,"2026-09-16T09:53:37.245Z"
"Heart symbols","love heart symbol to copy and paste","General","Heart symbols to","Modifier Suffix (to)","Level 1","","IN","EN",14,"2026-09-16T09:54:39.395Z"
"Heart symbols","m heart symbol","General","m Heart symbols","Alphabet Prefix (m)","Level 1","","IN","EN",1,"2026-09-16T09:53:35.074Z"
"Heart symbols","m heart symbol text","General","m Heart symbols","Alphabet Prefix (m)","Level 1","","IN","EN",3,"2026-09-16T09:53:35.074Z"
"Heart symbols","meaning of heart symbols","Informational","o Heart symbols","Alphabet Prefix (o)","Level 1","","IN","EN",3,"2026-09-16T09:53:37.245Z"
"Heart symbols","meaning of heart symbols in whatsapp","Informational","o Heart symbols","Alphabet Prefix (o)","Level 1","","IN","EN",6,"2026-09-16T09:53:37.245Z"
"Heart symbols","michael jackson heart symbol","General","Heart symbols j","Alphabet Suffix (j)","Level 1","","IN","EN",15,"2026-09-16T09:52:52.509Z"
"Heart symbols","miss u heart symbol","General","u Heart symbols","Alphabet Prefix (u)","Level 1","","IN","EN",2,"2026-09-16T09:53:44.975Z"
"Heart symbols","miss you heart symbol","General","Heart symbols y","Alphabet Suffix (y)","Level 1","","IN","EN",13,"2026-09-16T09:53:16.956Z"
"Heart symbols","my heart symbols","General","i Heart symbols","Alphabet Prefix (i)","Level 1","","IN","EN",3,"2026-09-16T09:53:30.154Z"
"Heart symbols","n heart symbol","General","n Heart symbols","Alphabet Prefix (n)","Level 1","","IN","EN",1,"2026-09-16T09:53:36.148Z"
"Heart symbols","omron 3 heart symbol meaning","Informational","3 Heart symbols","Number Prefix (3)","Level 1","","IN","EN",8,"2026-09-16T09:54:01.420Z"
"Heart symbols","omron heart symbol 2","General","Heart symbols 2","Number Suffix (2)","Level 1","","IN","EN",5,"2026-09-16T09:53:58.200Z"
"Heart symbols","omron intellisense 3 heart symbol","General","3 Heart symbols","Number Prefix (3)","Level 1","","IN","EN",9,"2026-09-16T09:54:01.420Z"
"Heart symbols","p heart symbol","General","p Heart symbols","Alphabet Prefix (p)","Level 1","","IN","EN",1,"2026-09-16T09:53:38.331Z"
"Heart symbols","p letter heart symbol","General","p Heart symbols","Alphabet Prefix (p)","Level 1","","IN","EN",4,"2026-09-16T09:53:38.331Z"
"Heart symbols","pale heart symbols destiny 2","General","Heart symbols 2","Number Suffix (2)","Level 1","","IN","EN",7,"2026-09-16T09:53:58.200Z"
"Heart symbols","payday 2 heart symbol","General","Heart symbols 2","Number Suffix (2)","Level 1","","IN","EN",15,"2026-09-16T09:53:58.200Z"
"Heart symbols","payday 3 heart symbol","General","3 Heart symbols","Number Prefix (3)","Level 1","","IN","EN",13,"2026-09-16T09:54:01.420Z"
"Heart symbols","pictures of heart symbols","General","o Heart symbols","Alphabet Prefix (o)","Level 1","","IN","EN",8,"2026-09-16T09:53:37.245Z"
"Heart symbols","q heart tattoo meaning","Informational","q Heart symbols","Alphabet Prefix (q)","Level 1","","IN","EN",2,"2026-09-16T09:53:39.430Z"
"Heart symbols","queen of hearts symbol","General","Heart symbols q","Alphabet Suffix (q)","Level 1","","IN","EN",4,"2026-09-16T09:53:06.200Z"
"Heart symbols","question mark heart symbol","General","Heart symbols q","Alphabet Suffix (q)","Level 1","","IN","EN",7,"2026-09-16T09:53:06.200Z"
"Heart symbols","qwerty heart symbol","General","Heart symbols q","Alphabet Suffix (q)","Level 1","","IN","EN",12,"2026-09-16T09:53:06.206Z"
"Heart symbols","r heart symbol","General","r Heart symbols","Alphabet Prefix (r)","Level 1","","IN","EN",1,"2026-09-16T09:53:40.667Z"
"Heart symbols","red dead online heart symbol","General","Heart symbols online","Modifier Suffix (online)","Level 1","","IN","EN",1,"2026-09-16T09:54:48.557Z"
"Heart symbols","right heart symbol","General","r Heart symbols","Alphabet Prefix (r)","Level 1","","IN","EN",2,"2026-09-16T09:53:40.667Z"
"Heart symbols","s heart symbol","General","s Heart symbols","Alphabet Prefix (s)","Level 1","","IN","EN",1,"2026-09-16T09:53:41.902Z"
"Heart symbols","s heart symbol copy and paste","General","s Heart symbols","Alphabet Prefix (s)","Level 1","","IN","EN",2,"2026-09-16T09:53:41.902Z"
"Heart symbols","s heart symbol tattoo","General","s Heart symbols","Alphabet Prefix (s)","Level 1","","IN","EN",4,"2026-09-16T09:53:41.902Z"
"Heart symbols","s heart symbol text","General","s Heart symbols","Alphabet Prefix (s)","Level 1","","IN","EN",3,"2026-09-16T09:53:41.902Z"
"Heart symbols","s letter heart symbol","General","s Heart symbols","Alphabet Prefix (s)","Level 1","","IN","EN",6,"2026-09-16T09:53:41.902Z"
"Heart symbols","sims 4 heart symbol","General","4 Heart symbols","Number Prefix (4)","Level 1","","IN","EN",3,"2026-09-16T09:54:03.786Z"
"Heart symbols","small heart symbol 3","General","3 Heart symbols","Number Prefix (3)","Level 1","","IN","EN",15,"2026-09-16T09:54:01.420Z"
"Heart symbols","star and heart symbols","General","a Heart symbols","Alphabet Prefix (a)","Level 1","","IN","EN",5,"2026-09-16T09:53:19.393Z"
"Heart symbols","symbol of love without heart","General","Heart symbols without","Modifier Suffix (without)","Level 1","","IN","EN",6,"2026-09-16T09:54:36.945Z"
"Heart symbols","symbol of sacred heart of jesus","General","Heart symbols j","Alphabet Suffix (j)","Level 1","","IN","EN",12,"2026-09-16T09:52:52.509Z"
"Heart symbols","symbol of yellow heart emoji","General","Heart symbols y","Alphabet Suffix (y)","Level 1","","IN","EN",11,"2026-09-16T09:53:16.956Z"
"Heart symbols","symbols heart and star","General","Heart symbols vs","Modifier Suffix (vs)","Level 1","","IN","EN",7,"2026-09-16T09:54:38.308Z"
"Heart symbols","t heart symbol","General","t Heart symbols","Alphabet Prefix (t)","Level 1","","IN","EN",1,"2026-09-16T09:53:43.317Z"
"Heart symbols","thank you heart symbol","General","Heart symbols y","Alphabet Suffix (y)","Level 1","","IN","EN",14,"2026-09-16T09:53:16.956Z"
"Heart symbols","three heart symbols","General","3 Heart symbols","Number Prefix (3)","Level 1","","IN","EN",5,"2026-09-16T09:54:01.420Z"
"Heart symbols","top heart symbol","Commercial","top Heart symbols","Modifier Prefix (top)","Level 1","","IN","EN",2,"2026-09-16T09:54:46.181Z"
"Heart symbols","two heart symbols","General","2 Heart symbols","Number Prefix (2)","Level 1","","IN","EN",2,"2026-09-16T09:53:59.233Z"
"Heart symbols","two heart symbols in snapchat meaning","Informational","2 Heart symbols","Number Prefix (2)","Level 1","","IN","EN",3,"2026-09-16T09:53:59.233Z"
"Heart symbols","type heart symbol","General","best Heart symbols","Modifier Prefix (best)","Level 1","","IN","EN",9,"2026-09-16T09:54:43.917Z"
"Heart symbols","types of heart symbols","General","o Heart symbols","Alphabet Prefix (o)","Level 1","","IN","EN",5,"2026-09-16T09:53:37.245Z"
"Heart symbols","u heart symbol","General","u Heart symbols","Alphabet Prefix (u)","Level 1","","IN","EN",1,"2026-09-16T09:53:44.975Z"
"Heart symbols","upside down heart symbol in quran","General","Heart symbols q","Alphabet Suffix (q)","Level 1","","IN","EN",6,"2026-09-16T09:53:06.200Z"
"Heart symbols","utf 8 heart symbol","General","8 Heart symbols","Number Prefix (8)","Level 1","","IN","EN",1,"2026-09-16T09:54:14.865Z"
"Heart symbols","v heart symbol","General","v Heart symbols","Alphabet Prefix (v)","Level 1","","IN","EN",1,"2026-09-16T09:53:47.250Z"
"Heart symbols","v heart symbol text","General","v Heart symbols","Alphabet Prefix (v)","Level 1","","IN","EN",2,"2026-09-16T09:53:47.250Z"
"Heart symbols","vsco heart symbol","General","Heart symbols vs","Modifier Suffix (vs)","Level 1","","IN","EN",9,"2026-09-16T09:54:38.308Z"
"Heart symbols","w heart symbol","General","w Heart symbols","Alphabet Prefix (w)","Level 1","","IN","EN",1,"2026-09-16T09:53:48.693Z"
"Heart symbols","what black heart symbolize","Informational","what Heart symbols","Question Starter (what)","Level 1","","IN","EN",11,"2026-09-16T09:54:24.202Z"
"Heart symbols","what can heart symbolize","Informational","can Heart symbols","Question Starter (can)","Level 1","","IN","EN",1,"2026-09-16T09:54:30.275Z"
"Heart symbols","what do heart icons mean","Informational","Heart symbols z","Alphabet Suffix (z)","Level 1","","IN","EN",12,"2026-09-16T09:53:18.082Z"
"Heart symbols","what does ♥mean","Informational","u Heart symbols","Alphabet Prefix (u)","Level 1","","IN","EN",4,"2026-09-16T09:53:44.975Z"
"Heart symbols","what does 4 heart emoji mean","Informational","4 Heart symbols","Number Prefix (4)","Level 1","","IN","EN",4,"2026-09-16T09:54:03.786Z"
"Heart symbols","what does 5 heart emoji mean","Informational","Heart symbols 5","Number Suffix (5)","Level 1","","IN","EN",5,"2026-09-16T09:54:04.807Z"
"Heart symbols","what does 9 hearts mean","Informational","Heart symbols 9","Number Suffix (9)","Level 1","","IN","EN",4,"2026-09-16T09:54:15.957Z"
"Heart symbols","what does a ❤ heart mean","Informational","v Heart symbols","Alphabet Prefix (v)","Level 1","","IN","EN",4,"2026-09-16T09:53:47.250Z"
"Heart symbols","what does a heart symbol mean in a text message","Informational","Heart symbols x","Alphabet Suffix (x)","Level 1","","IN","EN",7,"2026-09-16T09:53:15.449Z"
"Heart symbols","what does different heart symbols mean","Informational","a Heart symbols","Alphabet Prefix (a)","Level 1","","IN","EN",10,"2026-09-16T09:53:19.393Z"
"Heart symbols","what does heart symbol mean","Informational","what Heart symbols","Question Starter (what)","Level 1","","IN","EN",7,"2026-09-16T09:54:24.202Z"
"Heart symbols","what does heart symbolize","Informational","what Heart symbols","Question Starter (what)","Level 1","","IN","EN",6,"2026-09-16T09:54:24.202Z"
"Heart symbols","what does red heart symbol mean","Informational","r Heart symbols","Alphabet Prefix (r)","Level 1","","IN","EN",7,"2026-09-16T09:53:40.667Z"
"Heart symbols","what heart symbol in whatsapp","Informational","what Heart symbols","Question Starter (what)","Level 1","","IN","EN",5,"2026-09-16T09:54:24.202Z"
"Heart symbols","what heart symbol meaning","Informational","what Heart symbols","Question Starter (what)","Level 1","","IN","EN",1,"2026-09-16T09:54:24.202Z"
"Heart symbols","what heart symbolizes","Informational","what Heart symbols","Question Starter (what)","Level 1","","IN","EN",2,"2026-09-16T09:54:24.202Z"
"Heart symbols","what heart symbolizes friendship","Informational","what Heart symbols","Question Starter (what)","Level 1","","IN","EN",3,"2026-09-16T09:54:24.202Z"
"Heart symbols","what heart symbolizes love","Informational","what Heart symbols","Question Starter (what)","Level 1","","IN","EN",4,"2026-09-16T09:54:24.202Z"
"Heart symbols","what is heart symbol","Informational","what is Heart symbols","Question Starter (what is)","Level 1","","IN","EN",8,"2026-09-16T09:54:22.761Z"
"Heart symbols","what is heart symbol in gpay","Informational","what is Heart symbols","Question Starter (what is)","Level 1","","IN","EN",7,"2026-09-16T09:54:22.761Z"
"Heart symbols","what is heart symbol in gpay app","Informational","what is Heart symbols","Question Starter (what is)","Level 1","","IN","EN",9,"2026-09-16T09:54:22.761Z"
"Heart symbols","what is heart symbol in gpay meaning","Informational","what is Heart symbols","Question Starter (what is)","Level 1","","IN","EN",11,"2026-09-16T09:54:22.761Z"
"Heart symbols","what is heart symbol in snapchat","Informational","what is Heart symbols","Question Starter (what is)","Level 1","","IN","EN",4,"2026-09-16T09:54:22.761Z"
"Heart symbols","what is heart symbol in whatsapp","Informational","what is Heart symbols","Question Starter (what is)","Level 1","","IN","EN",2,"2026-09-16T09:54:22.761Z"
"Heart symbols","what is heart symbol meaning","Informational","8 Heart symbols","Number Prefix (8)","Level 1","","IN","EN",6,"2026-09-16T09:54:14.865Z"
"Heart symbols","what is heart symbol meaning in teams chat","Informational","what is Heart symbols","Question Starter (what is)","Level 1","","IN","EN",5,"2026-09-16T09:54:22.761Z"
"Heart symbols","what is heart symbol on instagram","Informational","what is Heart symbols","Question Starter (what is)","Level 1","","IN","EN",10,"2026-09-16T09:54:22.761Z"
"Heart symbols","what is heart symbol on instagram story","Informational","what is Heart symbols","Question Starter (what is)","Level 1","","IN","EN",1,"2026-09-16T09:54:22.761Z"
"Heart symbols","what is heart symbol on iphone","Informational","what is Heart symbols","Question Starter (what is)","Level 1","","IN","EN",6,"2026-09-16T09:54:22.761Z"
"Heart symbols","what is heart symbol on snapchat","Informational","what Heart symbols","Question Starter (what)","Level 1","","IN","EN",10,"2026-09-16T09:54:24.202Z"
"Heart symbols","what is the heart symbol","Informational","Heart symbols x","Alphabet Suffix (x)","Level 1","","IN","EN",6,"2026-09-16T09:53:15.449Z"
"Heart symbols","what is the heart symbol based on","Informational","what is Heart symbols","Question Starter (what is)","Level 1","","IN","EN",12,"2026-09-16T09:54:22.761Z"
"Heart symbols","what is the heart symbol on blood pressure monitor","Informational","what is Heart symbols","Question Starter (what is)","Level 1","","IN","EN",13,"2026-09-16T09:54:22.761Z"
"Heart symbols","what is the heart symbol on facebook","Informational","what is Heart symbols","Question Starter (what is)","Level 1","","IN","EN",14,"2026-09-16T09:54:22.761Z"
"Heart symbols","what is white heart symbol","Informational","what is Heart symbols","Question Starter (what is)","Level 1","","IN","EN",15,"2026-09-16T09:54:22.761Z"
"Heart symbols","what symbols make a heart","Informational","Heart symbols z","Alphabet Suffix (z)","Level 1","","IN","EN",13,"2026-09-16T09:53:18.082Z"
"Heart symbols","what white heart symbolises","Informational","what Heart symbols","Question Starter (what)","Level 1","","IN","EN",15,"2026-09-16T09:54:24.202Z"
"Heart symbols","what yellow heart symbolize","Informational","what Heart symbols","Question Starter (what)","Level 1","","IN","EN",12,"2026-09-16T09:54:24.202Z"
"Heart symbols","when did heart become symbol of love","Informational","when Heart symbols","Question Starter (when)","Level 1","","IN","EN",3,"2026-09-16T09:54:29.227Z"
"Heart symbols","when did heart symbol originate","Informational","when Heart symbols","Question Starter (when)","Level 1","","IN","EN",2,"2026-09-16T09:54:29.227Z"
"Heart symbols","when heart symbol was invented","Informational","when Heart symbols","Question Starter (when)","Level 1","","IN","EN",1,"2026-09-16T09:54:29.227Z"
"Heart symbols","where did the heart symbol come from","Informational","f Heart symbols","Alphabet Prefix (f)","Level 1","","IN","EN",5,"2026-09-16T09:53:26.284Z"
"Heart symbols","where does heart symbol come from","Informational","where Heart symbols","Question Starter (where)","Level 1","","IN","EN",1,"2026-09-16T09:54:26.597Z"
"Heart symbols","where does heart symbol originate from","Informational","where Heart symbols","Question Starter (where)","Level 1","","IN","EN",4,"2026-09-16T09:54:26.597Z"
"Heart symbols","where does the heart symbol come from","Informational","m Heart symbols","Alphabet Prefix (m)","Level 1","","IN","EN",5,"2026-09-16T09:53:35.074Z"
"Heart symbols","where is heart symbol in word","Informational","where Heart symbols","Question Starter (where)","Level 1","","IN","EN",3,"2026-09-16T09:54:26.597Z"
"Heart symbols","where is heart symbol on keyboard","Informational","where Heart symbols","Question Starter (where)","Level 1","","IN","EN",2,"2026-09-16T09:54:26.597Z"
"Heart symbols","where the heart symbol came from","Informational","where Heart symbols","Question Starter (where)","Level 1","","IN","EN",6,"2026-09-16T09:54:26.597Z"
"Heart symbols","which color heart symbolizes friendship","Informational","which Heart symbols","Question Starter (which)","Level 1","","IN","EN",5,"2026-09-16T09:54:31.358Z"
"Heart symbols","which colour heart is symbol of friendship","Informational","which Heart symbols","Question Starter (which)","Level 1","","IN","EN",6,"2026-09-16T09:54:31.358Z"
"Heart symbols","which heart symbol","Informational","which Heart symbols","Question Starter (which)","Level 1","","IN","EN",4,"2026-09-16T09:54:31.358Z"
"Heart symbols","which heart symbol is for friendship","Informational","which Heart symbols","Question Starter (which)","Level 1","","IN","EN",1,"2026-09-16T09:54:31.358Z"
"Heart symbols","which heart symbolises friendship","Informational","which Heart symbols","Question Starter (which)","Level 1","","IN","EN",2,"2026-09-16T09:54:31.358Z"
"Heart symbols","which heart symbolizes love","Informational","which Heart symbols","Question Starter (which)","Level 1","","IN","EN",3,"2026-09-16T09:54:31.358Z"
"Heart symbols","who created heart symbol","Informational","who Heart symbols","Question Starter (who)","Level 1","","IN","EN",2,"2026-09-16T09:54:28.104Z"
"Heart symbols","who invented heart symbol","Informational","who Heart symbols","Question Starter (who)","Level 1","","IN","EN",1,"2026-09-16T09:54:28.104Z"
"Heart symbols","who made heart symbol","Informational","who Heart symbols","Question Starter (who)","Level 1","","IN","EN",3,"2026-09-16T09:54:28.104Z"
"Heart symbols","why does heart symbol look like that","Informational","why Heart symbols","Question Starter (why)","Level 1","","IN","EN",8,"2026-09-16T09:54:25.419Z"
"Heart symbols","why does the heart symbol look like that","Informational","w Heart symbols","Alphabet Prefix (w)","Level 1","","IN","EN",10,"2026-09-16T09:53:48.693Z"
"Heart symbols","why heart symbol","Informational","why Heart symbols","Question Starter (why)","Level 1","","IN","EN",4,"2026-09-16T09:54:25.419Z"
"Heart symbols","why heart symbol in gpay","Informational","why Heart symbols","Question Starter (why)","Level 1","","IN","EN",6,"2026-09-16T09:54:25.419Z"
"Heart symbols","why heart symbol is different from real heart","Informational","why Heart symbols","Question Starter (why)","Level 1","","IN","EN",1,"2026-09-16T09:54:25.419Z"
"Heart symbols","why heart symbol of love","Informational","why Heart symbols","Question Starter (why)","Level 1","","IN","EN",5,"2026-09-16T09:54:25.419Z"
"Heart symbols","why heart symbol shape","Informational","why Heart symbols","Question Starter (why)","Level 1","","IN","EN",2,"2026-09-16T09:54:25.419Z"
"Heart symbols","why heart symbolizes love","Informational","why Heart symbols","Question Starter (why)","Level 1","","IN","EN",3,"2026-09-16T09:54:25.419Z"
"Heart symbols","why is heart love symbol","Informational","k Heart symbols","Alphabet Prefix (k)","Level 1","","IN","EN",11,"2026-09-16T09:53:32.832Z"
"Heart symbols","why is heart symbol shaped like that","Informational","why Heart symbols","Question Starter (why)","Level 1","","IN","EN",7,"2026-09-16T09:54:25.419Z"
"Heart symbols","windows 11 heart symbol on battery","General","Heart symbols 1","Number Suffix (1)","Level 1","","IN","EN",5,"2026-09-16T09:53:55.980Z"
"Heart symbols","x heart o symbol","General","o Heart symbols","Alphabet Prefix (o)","Level 1","","IN","EN",11,"2026-09-16T09:53:37.245Z"
"Heart symbols","x heart o symbol meaning","Informational","Heart symbols x","Alphabet Suffix (x)","Level 1","","IN","EN",4,"2026-09-16T09:53:15.449Z"
"Heart symbols","x heart symbol","General","x Heart symbols","Alphabet Prefix (x)","Level 1","","IN","EN",1,"2026-09-16T09:53:50.054Z"
"Heart symbols","xo heart symbol","General","Heart symbols x","Alphabet Suffix (x)","Level 1","","IN","EN",2,"2026-09-16T09:53:15.449Z"
"Heart symbols","xros heart symbol","General","Heart symbols x","Alphabet Suffix (x)","Level 1","","IN","EN",5,"2026-09-16T09:53:15.449Z"
"Heart symbols","y heart symbol","General","y Heart symbols","Alphabet Prefix (y)","Level 1","","IN","EN",2,"2026-09-16T09:53:51.902Z"
"Heart symbols","y2k heart symbols copy and paste","General","Heart symbols y","Alphabet Suffix (y)","Level 1","","IN","EN",7,"2026-09-16T09:53:16.956Z"
"Heart symbols","yellow heart symbol meaning","Informational","Heart symbols y","Alphabet Suffix (y)","Level 1","","IN","EN",8,"2026-09-16T09:53:16.956Z"
"Heart symbols","yellow heart symbol tinder","General","Heart symbols y","Alphabet Suffix (y)","Level 1","","IN","EN",10,"2026-09-16T09:53:16.956Z"
"Heart symbols","yin yang heart symbol","General","Heart symbols y","Alphabet Suffix (y)","Level 1","","IN","EN",12,"2026-09-16T09:53:16.956Z"
"Heart symbols","z heart symbol","General","Heart symbols z","Alphabet Suffix (z)","Level 1","","IN","EN",10,"2026-09-16T09:53:18.082Z"
"Heart symbols","z special characters","General","z Heart symbols","Alphabet Prefix (z)","Level 1","","IN","EN",4,"2026-09-16T09:53:53.034Z"
"Heart symbols","zagreb heart symbol","General","Heart symbols z","Alphabet Suffix (z)","Level 1","","IN","EN",9,"2026-09-16T09:53:18.082Z"
"Heart symbols","zelda heart symbol","General","Heart symbols z","Alphabet Suffix (z)","Level 1","","IN","EN",7,"2026-09-16T09:53:18.082Z"